Carimbo de data/hora,Avaliador,Equipe avaliada,Aliança,Partida:,Robô operacional,Mobilidade (autônomo),"Peças de jogo (autônomo): 
Pontuou na ROW inferior","Peças de jogo (autônomo): 
Pontuou na ROW do meio","Peças de jogo (autônomo): 
Pontuou na ROW do topo",Robô contato com a charge station (autonômo):,"Peças de jogo (teleoperado): 
Pontuou na ROW inferior","Peças de jogo (teleoperado): 
Pontuou na ROW do meio","Peças de jogo (teleoperado): 
Pontuou na ROW do topo",Robô contato com a charge station (teleoperado):,"Link (teleoperado):
3 NODES adjacentes com peças de jogo pontuando","Park (teleoperado):
Todos os bumpers do robô dentro da sua comunidade sem estar DOCKED","Coopertion bonus (qualificatória):
Ao menos 3 PEÇAS DE JOGO foram pontuadas em cada CO-OP GRID da aliança","Activation bonus (qualificatória):
Ao menos 26 pontos foram ganhos com a CHARGE STATION durante o período autonômo e/ou endgame",Resultado final (qualificatória):,Pontuação de penalidade da aliança oposta:
16/03/2023 12:24:15,4,9200 | SESI SENAI STARDUST,Azul,Prática,Sim,Sim,0,0,1,DOCKED e NÃO ENGAGED (robô em contato com a charge station),0,0,3,Não fez contato,1,Sim,Não,Não,Equipe ganhou,0
16/03/2023 12:24:21,2,7563 | SESI SENAI MEGAZORD,Vermelho,Prática,Sim,Não,0,0,1,DOCKED e ENGAGED (robô em contato com a charge station nivelada em conjunto com os outros robôs),0,0,4,Não fez contato,1,Sim,Não,,Equipe perdeu,0
16/03/2023 12:24:24,7,9085 | SESI SENAI MEGA HARPY,Azul,Prática,Sim,Não,0,0,0,Não fez contato,0,3,0,DOCKED e NÃO ENGAGED (robô em contato com a charge station),1,Sim,Não,Não,Equipe ganhou,
16/03/2023 12:38:53,7,1156 | Under Control,Azul,Prática,Sim,Não,0,1,0,DOCKED e ENGAGED (robô em contato com a charge station nivelada em conjunto com os outros robôs),0,4,2,DOCKED e NÃO ENGAGED (robô em contato com a charge station),1,Não,Não,Não,Equipe ganhou,0
16/03/2023 12:39:20,4,9162 | ALL MIGHT,Azul,Prática,Sim,Não,0,0,0,Não fez contato,1,0,0,Não fez contato,1,Não,Não,Não,Equipe ganhou,0
16/03/2023 12:39:48,3,9050 | Tucanus,Vermelho,Prática,Não,Não,0,0,0,Não fez contato,0,0,0,Não fez contato,0,Não,Não,Não,Equipe perdeu,
16/03/2023 12:40:01,9,9047 | SESI SENAI SC TechMaker Robotics,Azul,Prática,Sim,Não,0,0,0,Não fez contato,0,0,2,Não fez contato,1,Sim,Não,Não,Equipe ganhou,0
16/03/2023 12:40:50,8,9199 | SESI SENAI SHARKS,Vermelho,Prática,Sim,Sim,0,0,0,Não fez contato,0,2,2,DOCKED e ENGAGED (robô em contato com a charge station nivelada em conjunto com os outros robôs),0,Não,Não,Não,Equipe perdeu,
16/03/2023 12:48:30,3,7567 | SESI SENAI OCTOPUS,Vermelho,Prática,Sim,Não,0,0,0,Não fez contato,0,0,2,DOCKED e ENGAGED (robô em contato com a charge station nivelada em conjunto com os outros robôs),0,Não,Não,Não,Equipe ganhou,
16/03/2023 12:49:18,8,9049 | SESI SENAI STEAMPUNK MONKEY FRC,Vermelho,Prática,Sim,Não,0,0,0,Não fez contato,0,0,0,Não fez contato,0,Não,Não,Não,Equipe ganhou,
16/03/2023 12:51:19,9,1156 | Under Control,Azul,Prática,Temporariamente,Sim,0,0,0,Não fez contato,0,0,0,Não fez contato,0,Não,Não,Não,Equipe perdeu,0
16/03/2023 13:04:44,6,9261 | Under Pressure,Azul,Prática,Não,Não,0,0,0,Não fez contato,0,0,0,Não fez contato,0,Sim,Não,Não,Equipe perdeu,0
16/03/2023 13:04:45,8,7565 | SESI SENAI ROBONATICOS,Vermelho,Prática,Temporariamente,Não,0,1,0,Não fez contato,0,0,0,Não fez contato,1,Não,Não,Não,Equipe perdeu,
16/03/2023 13:05:14,2,1156 | Under Control,Vermelho,Prática,Sim,Não,0,1,0,DOCKED e ENGAGED (robô em contato com a charge station nivelada em conjunto com os outros robôs),2,4,0,DOCKED e ENGAGED (robô em contato com a charge station nivelada em conjunto com os outros robôs),1,Não,Não,Não,Equipe ganhou,0
16/03/2023 13:05:40,9,9168 | AGROBOT,Azul,Prática,Não,Não,0,0,0,Não fez contato,0,0,0,Não fez contato,0,Sim,Não,Não,Equipe perdeu,0
16/03/2023 13:06:07,4,9164 | Tech Vikings,Azul,Prática,Sim,Sim,0,0,1,Não fez contato,2,3,0,DOCKED e NÃO ENGAGED (robô em contato com a charge station),0,Não,Não,Não,Equipe perdeu,O
16/03/2023 13:17:37,6,9261 | Under Pressure,Azul,Prática,Não,Não,0,0,0,Não fez contato,0,0,0,Não fez contato,0,Não,Não,Não,Equipe perdeu,0
16/03/2023 13:18:32,3,1156 | Under Control,Vermelho,Prática,Sim,Não,0,1,0,DOCKED e ENGAGED (robô em contato com a charge station nivelada em conjunto com os outros robôs),1,6,0,Não fez contato,2,Sim,Não,Não,Equipe ganhou,
16/03/2023 13:19:24,1,9200 | SESI SENAI STARDUST,Azul,Prática,Sim,Não,0,0,0,DOCKED e ENGAGED (robô em contato com a charge station nivelada em conjunto com os outros robôs),1,0,1,DOCKED e ENGAGED (robô em contato com a charge station nivelada em conjunto com os outros robôs),0,Não,Não,Não,Equipe perdeu,5
16/03/2023 13:20:33,8,9066 | Cavalo Vendado,Vermelho,Prática,Sim,Não,0,0,0,Não fez contato,0,1,0,Não fez contato,2,Não,Não,Não,Equipe ganhou,
16/03/2023 13:27:45,2,9066 | Cavalo Vendado,Vermelho,Prática,Sim,Não,0,0,0,Não fez contato,0,1,1,Não fez contato,0,Não,Não,Não,Equipe perdeu,0
16/03/2023 13:28:27,5,9302 | Northstar,Azul,Prática,Temporariamente,Não,0,0,0,Não fez contato,0,0,2,Não fez contato,0,Sim,Não,Não,Equipe ganhou,0
16/03/2023 13:28:52,7,9199 | SESI SENAI SHARKS,Azul,Prática,Sim,Não,1,0,0,DOCKED e NÃO ENGAGED (robô em contato com a charge station),2,1,1,DOCKED e NÃO ENGAGED (robô em contato com a charge station),0,Sim,Não,Não,Equipe ganhou,0
16/03/2023 13:37:31,8,9066 | Cavalo Vendado,Vermelho,Prática,Sim,Não,0,0,0,Não fez contato,1,0,2,Não fez contato,2,Não,Não,Não,Equipe ganhou,
16/03/2023 13:38:23,3,7567 | SESI SENAI OCTOPUS,Vermelho,Prática,Sim,Não,0,0,0,Não fez contato,0,1,4,Não fez contato,2,Não,Sim,Não,Equipe ganhou,
16/03/2023 13:38:48,2,9047 | SESI SENAI SC TechMaker Robotics,Vermelho,Prática,Sim,Não,0,0,0,Não fez contato,0,0,2,Não fez contato,2,Não,Não,Não,Equipe ganhou,0
16/03/2023 13:39:38,9,9196 | Steel Claw Robotics,Azul,Prática,Sim,Não,0,0,0,DOCKED e NÃO ENGAGED (robô em contato com a charge station),2,0,2,DOCKED e NÃO ENGAGED (robô em contato com a charge station),0,Não,Não,,Equipe perdeu,
16/03/2023 13:47:25,4,9164 | Tech Vikings,Azul,Prática,Sim,Sim,1,0,0,Não fez contato,2,3,0,DOCKED e ENGAGED (robô em contato com a charge station nivelada em conjunto com os outros robôs),1,Não,Não,Não,Equipe ganhou,0
16/03/2023 13:48:02,2,6902 | STRIKE,Vermelho,Prática,Temporariamente,Não,1,0,0,Não fez contato,0,0,0,Não fez contato,0,Não,Não,Não,Equipe perdeu,0
16/03/2023 13:48:34,3,9169 | AGROTECH,Vermelho,Prática,Temporariamente,Não,0,0,0,DOCKED e ENGAGED (robô em contato com a charge station nivelada em conjunto com os outros robôs),0,0,2,Não fez contato,0,Não,Não,Não,Equipe perdeu,
16/03/2023 14:00:00,2,9261 | Under Pressure,Vermelho,Prática,Temporariamente,Não,1,0,0,Não fez contato,0,0,0,Não fez contato,0,Não,Não,Não,Equipe perdeu,0
16/03/2023 14:00:29,4,9164 | Tech Vikings,Azul,Prática,Sim,Sim,1,0,0,DOCKED e NÃO ENGAGED (robô em contato com a charge station),4,1,0,DOCKED e ENGAGED (robô em contato com a charge station nivelada em conjunto com os outros robôs),0,Não,Não,Não,Equipe ganhou,0
16/03/2023 14:01:01,3,6902 | STRIKE,Vermelho,Prática,Sim,Não,0,0,0,Não fez contato,2,0,0,Não fez contato,0,Sim,,Não,Equipe ganhou,
16/03/2023 14:09:25,3,9085 | SESI SENAI MEGA HARPY,Vermelho,Prática,Sim,Não,0,0,0,Não fez contato,1,2,0,DOCKED e ENGAGED (robô em contato com a charge station nivelada em conjunto com os outros robôs),0,Não,Não,Não,Equipe perdeu,0
16/03/2023 14:09:50,4,5800 | Magic Island Robotics,Azul,Prática,Sim,Não,0,0,0,Não fez contato,0,1,0,Não fez contato,1,Não,Não,Não,Equipe ganhou,O
16/03/2023 14:09:56,5,9165 | Starbots FRC,Azul,Prática,Temporariamente,Não,0,0,0,Não fez contato,0,1,2,Não fez contato,1,Sim,Não,Não,Equipe ganhou,0
16/03/2023 14:10:49,9,6902 | STRIKE,Vermelho,Prática,Sim,Sim,0,0,0,Não fez contato,1,1,0,Não fez contato,0,Sim,Não,Não,Equipe perdeu,0
16/03/2023 14:18:40,2,9085 | SESI SENAI MEGA HARPY,Vermelho,Prática,Sim,Não,0,0,0,Não fez contato,3,2,0,Não fez contato,0,Sim,Não,Não,Equipe perdeu,0
16/03/2023 14:18:59,4,9219 | Nine Tails,Azul,Prática,Sim,Não,0,0,0,Não fez contato,1,3,1,Não fez contato,1,Sim,Não,Não,Equipe ganhou,0
16/03/2023 14:19:17,3,9261 | Under Pressure,Vermelho,Prática,Sim,Não,1,0,0,Não fez contato,1,0,0,Não fez contato,0,Não,Não,Não,Equipe perdeu,
16/03/2023 14:25:30,5,9168 | AGROBOT,Azul,Prática,Sim,Sim,1,0,0,Não fez contato,0,1,0,DOCKED e NÃO ENGAGED (robô em contato com a charge station),2,Não,Não,Não,Equipe ganhou,0
16/03/2023 14:25:35,4,9165 | Starbots FRC,Azul,Prática,Sim,Não,0,0,0,Não fez contato,0,0,3,Não fez contato,2,Não,Não,Não,Equipe ganhou,0
16/03/2023 14:25:48,6,7567 | SESI SENAI OCTOPUS,Azul,Prática,Sim,Sim,0,1,0,DOCKED e NÃO ENGAGED (robô em contato com a charge station),0,0,4,Não fez contato,2,Não,Sim,Não,Equipe ganhou,0
16/03/2023 14:25:48,8,9200 | SESI SENAI STARDUST,Vermelho,Prática,Sim,Não,0,0,1,Não fez contato,0,0,4,Não fez contato,0,Sim,Não,Não,Equipe perdeu,
16/03/2023 14:27:39,9,9261 | Under Pressure,Vermelho,Prática,Sim,Não,1,0,0,Não fez contato,1,0,0,Não fez contato,0,Sim,Não,Não,Equipe perdeu,0
16/03/2023 14:34:45,5,7563 | SESI SENAI MEGAZORD,Azul,Prática,Sim,Sim,0,1,0,DOCKED e ENGAGED (robô em contato com a charge station nivelada em conjunto com os outros robôs),1,0,3,DOCKED e ENGAGED (robô em contato com a charge station nivelada em conjunto com os outros robôs),3,Sim,Não,Sim,Equipe ganhou,o
16/03/2023 14:35:07,6,9219 | Nine Tails,Azul,Prática,Não,Não,0,0,0,Não fez contato,0,3,3,DOCKED e ENGAGED (robô em contato com a charge station nivelada em conjunto com os outros robôs),3,Não,Sim,Sim,Equipe ganhou,0
16/03/2023 14:35:07,8,9178 | Cyber One,Vermelho,Prática,Sim,Não,0,0,0,Não fez contato,0,1,0,Não fez contato,1,Não,Não,Sim,Equipe perdeu,
16/03/2023 14:35:53,9,9169 | AGROTECH,Vermelho,Prática,Sim,Não,1,0,0,Não fez contato,0,1,1,DOCKED e ENGAGED (robô em contato com a charge station nivelada em conjunto com os outros robôs),1,Não,Não,Sim,Equipe perdeu,0
16/03/2023 14:38:41,3,9164 | Tech Vikings,Vermelho,Prática,Sim,Não,0,0,0,DOCKED e ENGAGED (robô em contato com a charge station nivelada em conjunto com os outros robôs),3,0,0,DOCKED e ENGAGED (robô em contato com a charge station nivelada em conjunto com os outros robôs),1,Não,Não,Não,Equipe perdeu,
16/03/2023 14:47:17,6,9219 | Nine Tails,Azul,Prática,Sim,Não,0,0,0,Não fez contato,0,3,2,DOCKED e ENGAGED (robô em contato com a charge station nivelada em conjunto com os outros robôs),2,Não,Sim,Sim,Equipe ganhou,0
16/03/2023 14:47:30,8,9169 | AGROTECH,Vermelho,Prática,Sim,Não,0,0,0,Não fez contato,1,0,1,Não fez contato,0,Não,Não,Não,Equipe perdeu,
16/03/2023 14:47:55,2,7033 | Roosters,Vermelho,Prática,Sim,Não,0,0,0,Não fez contato,0,1,1,Não fez contato,0,Não,Não,Não,,0
16/03/2023 14:48:18,5,7563 | SESI SENAI MEGAZORD,Azul,Prática,Sim,Sim,0,0,1,DOCKED e ENGAGED (robô em contato com a charge station nivelada em conjunto com os outros robôs),0,0,4,DOCKED e ENGAGED (robô em contato com a charge station nivelada em conjunto com os outros robôs),2,Não,Não,Sim,Equipe ganhou,
16/03/2023 14:48:19,9,9178 | Cyber One,Vermelho,Prática,Sim,Não,0,0,0,Não fez contato,0,1,0,DOCKED e NÃO ENGAGED (robô em contato com a charge station),0,Sim,Não,Não,Equipe perdeu,0
16/03/2023 14:56:13,7,1860 | Alphabots,Azul,Prática,Temporariamente,Sim,0,0,0,DOCKED e NÃO ENGAGED (robô em contato com a charge station),3,0,0,Não fez contato,0,Sim,Não,Não,Equipe perdeu,0
16/03/2023 14:57:54,2,9047 | SESI SENAI SC TechMaker Robotics,Vermelho,Prática,Sim,Não,0,0,0,Não fez contato,0,0,0,DOCKED e ENGAGED (robô em contato com a charge station nivelada em conjunto com os outros robôs),0,Não,Não,Não,Equipe ganhou,0
16/03/2023 14:58:06,9,6404 | Brazilian Storm,Vermelho,Prática,Sim,Não,0,0,0,Não fez contato,0,0,1,Não fez contato,0,Sim,Não,Não,Equipe ganhou,0
16/03/2023 15:04:58,4,9050 | Tucanus,Azul,Prática,Sim,Não,0,0,0,Não fez contato,1,0,0,Não fez contato,0,Sim,Não,Não,Equipe perdeu,O
16/03/2023 15:05:13,6,9165 | Starbots FRC,Azul,Prática,Sim,Não,0,0,0,Não fez contato,1,0,2,DOCKED e ENGAGED (robô em contato com a charge station nivelada em conjunto com os outros robôs),0,Não,Não,Não,Equipe ganhou,5
16/03/2023 15:05:19,1,5800 | Magic Island Robotics,Azul,Prática,Sim,Não,1,0,0,DOCKED e NÃO ENGAGED (robô em contato com a charge station),2,0,0,DOCKED e ENGAGED (robô em contato com a charge station nivelada em conjunto com os outros robôs),0,Não,Não,Não,Equipe ganhou,5
16/03/2023 15:05:48,2,9164 | Tech Vikings,Vermelho,Prática,Sim,Não,1,0,0,DOCKED e ENGAGED (robô em contato com a charge station nivelada em conjunto com os outros robôs),2,1,0,Não fez contato,1,Sim,Não,Não,Equipe ganhou,0
16/03/2023 15:06:29,8,9168 | AGROBOT,Vermelho,Prática,Sim,Não,0,0,0,Não fez contato,0,1,0,Não fez contato,1,Não,Não,Não,Equipe perdeu,
16/03/2023 15:15:22,2,9168 | AGROBOT,Vermelho,Prática,Sim,Sim,1,0,0,Não fez contato,0,0,1,Não fez contato,0,Não,Não,Não,Equipe perdeu,0
16/03/2023 15:15:32,8,9164 | Tech Vikings,Vermelho,Prática,Sim,Não,0,0,0,Não fez contato,2,0,0,DOCKED e ENGAGED (robô em contato com a charge station nivelada em conjunto com os outros robôs),0,Não,Não,Não,Equipe perdeu,
16/03/2023 15:15:46,4,5800 | Magic Island Robotics,Azul,Prática,Temporariamente,Não,0,0,1,Não fez contato,0,0,0,Não fez contato,0,Sim,Não,Não,Equipe ganhou,0
16/03/2023 15:16:08,1,9066 | Cavalo Vendado,Azul,Prática,Não,Não,0,0,0,Não fez contato,1,0,0,Não fez contato,0,Sim,Não,Não,Equipe ganhou,0
16/03/2023 15:16:11,7,9050 | Tucanus,Azul,Prática,Sim,Não,0,0,0,Não fez contato,1,2,2,DOCKED e ENGAGED (robô em contato com a charge station nivelada em conjunto com os outros robôs),0,Sim,Não,Não,Equipe ganhou,0
16/03/2023 15:23:06,2,6902 | STRIKE,Vermelho,Prática,Sim,Sim,0,0,0,Não fez contato,0,0,0,DOCKED e ENGAGED (robô em contato com a charge station nivelada em conjunto com os outros robôs),0,Não,Não,Não,Equipe perdeu,0
16/03/2023 15:24:00,1,9066 | Cavalo Vendado,Azul,Prática,Não,Não,0,0,0,Não fez contato,0,0,1,Não fez contato,1,Sim,Não,Não,Equipe ganhou,0
16/03/2023 15:24:46,7,9200 | SESI SENAI STARDUST,Azul,Prática,Sim,Não,0,0,1,DOCKED e ENGAGED (robô em contato com a charge station nivelada em conjunto com os outros robôs),0,2,3,DOCKED e ENGAGED (robô em contato com a charge station nivelada em conjunto com os outros robôs),1,Sim,Não,Não,Equipe ganhou,0
16/03/2023 15:25:04,9,9169 | AGROTECH,Vermelho,Prática,Sim,Não,0,0,0,DOCKED e NÃO ENGAGED (robô em contato com a charge station),0,1,1,DOCKED e ENGAGED (robô em contato com a charge station nivelada em conjunto com os outros robôs),0,Não,Não,Não,Equipe perdeu,
16/03/2023 15:32:30,7,5800 | Magic Island Robotics,Azul,Prática,Sim,Não,0,0,1,DOCKED e ENGAGED (robô em contato com a charge station nivelada em conjunto com os outros robôs),0,0,3,DOCKED e NÃO ENGAGED (robô em contato com a charge station),0,Sim,Não,Não,Equipe perdeu,0
16/03/2023 15:32:38,2,9199 | SESI SENAI SHARKS,Vermelho,Prática,Temporariamente,Sim,0,0,0,Não fez contato,0,0,0,Não fez contato,2,Não,Não,Não,Equipe ganhou,
16/03/2023 15:33:33,8,7567 | SESI SENAI OCTOPUS,Vermelho,Prática,Sim,Não,0,0,1,Não fez contato,0,0,5,DOCKED e ENGAGED (robô em contato com a charge station nivelada em conjunto com os outros robôs),3,Não,Não,Não,Equipe ganhou,
16/03/2023 15:34:06,9,1156 | Under Control,Vermelho,Prática,Sim,Sim,0,0,0,DOCKED e NÃO ENGAGED (robô em contato com a charge station),1,4,1,DOCKED e ENGAGED (robô em contato com a charge station nivelada em conjunto com os outros robôs),3,Não,Não,Não,Equipe ganhou,0
16/03/2023 17:09:25,3,9047 | SESI SENAI SC TechMaker Robotics,Vermelho,Prática,Não,Não,0,0,0,Não fez contato,0,0,0,Não fez contato,0,Não,Não,Não,Equipe ganhou,
16/03/2023 17:10:31,8,1156 | Under Control,Vermelho,Prática,Sim,Não,1,0,0,Não fez contato,0,3,3,Não fez contato,2,Sim,Não,Não,Equipe ganhou,
16/03/2023 17:11:01,6,9045 | North Lions SESI/SENAI,Azul,Prática,Sim,Sim,0,0,0,Não fez contato,1,0,0,DOCKED e ENGAGED (robô em contato com a charge station nivelada em conjunto com os outros robôs),1,Sim,Não,Não,Equipe perdeu,0
16/03/2023 17:11:05,5,9169 | AGROTECH,Azul,Prática,Sim,Não,1,0,0,Não fez contato,3,0,0,DOCKED e ENGAGED (robô em contato com a charge station nivelada em conjunto com os outros robôs),1,Não,Não,Não,Equipe perdeu,0
16/03/2023 17:11:52,2,9200 | SESI SENAI STARDUST,Vermelho,Prática,Sim,Não,1,0,0,DOCKED e ENGAGED (robô em contato com a charge station nivelada em conjunto com os outros robôs),0,1,2,Não fez contato,1,Sim,Não,Não,Equipe perdeu,0
16/03/2023 17:11:57,9,9199 | SESI SENAI SHARKS,Vermelho,Prática,Sim,Não,1,0,0,Não fez contato,0,0,2,DOCKED e ENGAGED (robô em contato com a charge station nivelada em conjunto com os outros robôs),2,Não,Não,Não,Equipe ganhou,0
16/03/2023 17:18:49,8,9047 | SESI SENAI SC TechMaker Robotics,Vermelho,Prática,Não,Não,0,0,0,Não fez contato,0,2,3,DOCKED e ENGAGED (robô em contato com a charge station nivelada em conjunto com os outros robôs),1,Não,Não,Não,Equipe ganhou,
16/03/2023 17:26:48,6,9048 | SESI/SENAI P0t1BOT (Potibot),Azul,Prática,Temporariamente,Não,0,0,0,Não fez contato,0,0,0,Não fez contato,0,Não,Não,Não,Equipe perdeu,0
16/03/2023 17:27:00,2,1860 | Alphabots,Azul,Prática,Sim,Não,0,0,0,Não fez contato,2,0,1,DOCKED e ENGAGED (robô em contato com a charge station nivelada em conjunto com os outros robôs),0,Não,Não,Não,Equipe ganhou,0
16/03/2023 17:27:17,7,9048 | SESI/SENAI P0t1BOT (Potibot),Azul,Prática,Temporariamente,Sim,0,0,0,Não fez contato,0,0,0,Não fez contato,0,Não,Não,Não,Equipe ganhou,0
16/03/2023 17:27:33,3,1156 | Under Control,Vermelho,Prática,Temporariamente,Não,0,1,0,DOCKED e NÃO ENGAGED (robô em contato com a charge station),0,0,1,Não fez contato,0,Sim,Não,Não,Equipe perdeu,
16/03/2023 17:27:40,1,7565 | SESI SENAI ROBONATICOS,Vermelho,Prática,Não,Não,0,0,0,Não fez contato,0,0,0,Não fez contato,0,Sim,Não,Não,Equipe perdeu,5
16/03/2023 17:30:18,9,9162 | ALL MIGHT,Vermelho,Prática,Sim,Não,0,0,0,Não fez contato,1,1,0,Não fez contato,0,Não,Não,Não,Equipe perdeu,5
16/03/2023 17:36:14,4,9305 | Mont,Azul,Prática,Não,Sim,0,0,0,Não fez contato,3,1,1,DOCKED e ENGAGED (robô em contato com a charge station nivelada em conjunto com os outros robôs),0,Não,Não,Não,Equipe perdeu,0
16/03/2023 17:36:45,2,5800 | Magic Island Robotics,Azul,Prática,Sim,Não,0,0,1,Não fez contato,0,1,0,Não fez contato,1,Não,Não,Sim,Equipe perdeu,35
16/03/2023 17:37:15,1,9066 | Cavalo Vendado,Vermelho,Prática,Não,Não,0,0,0,Não fez contato,0,2,0,DOCKED e ENGAGED (robô em contato com a charge station nivelada em conjunto com os outros robôs),1,Não,Não,Não,Equipe ganhou,0
16/03/2023 17:37:38,8,9164 | Tech Vikings,Vermelho,Prática,Sim,Não,1,0,0,DOCKED e ENGAGED (robô em contato com a charge station nivelada em conjunto com os outros robôs),1,1,0,Não fez contato,1,Não,Não,Sim,Equipe ganhou,
16/03/2023 17:38:36,9,6404 | Brazilian Storm,Vermelho,Prática,Sim,Não,0,0,0,Não fez contato,1,0,0,DOCKED e ENGAGED (robô em contato com a charge station nivelada em conjunto com os outros robôs),1,Não,Não,Sim,Equipe ganhou,0
16/03/2023 17:42:56,4,9178 | Cyber One,Azul,Prática,Sim,Sim,0,0,0,Não fez contato,0,1,0,Não fez contato,2,Sim,Não,Sim,Equipe ganhou,0
16/03/2023 17:43:07,7,7565 | SESI SENAI ROBONATICOS,Azul,Prática,Sim,Sim,0,0,0,Não fez contato,1,0,3,DOCKED e ENGAGED (robô em contato com a charge station nivelada em conjunto com os outros robôs),2,Sim,Não,Sim,Equipe ganhou,0
16/03/2023 17:43:12,2,9200 | SESI SENAI STARDUST,Azul,Prática,Sim,Não,0,0,1,DOCKED e ENGAGED (robô em contato com a charge station nivelada em conjunto com os outros robôs),0,0,4,DOCKED e ENGAGED (robô em contato com a charge station nivelada em conjunto com os outros robôs),2,Não,Não,Sim,Equipe ganhou,0
16/03/2023 17:45:42,9,9085 | SESI SENAI MEGA HARPY,Vermelho,Prática,Sim,Não,0,1,0,Não fez contato,1,2,0,DOCKED e ENGAGED (robô em contato com a charge station nivelada em conjunto com os outros robôs),0,Não,Não,Não,Equipe perdeu,0
16/03/2023 17:51:20,3,9162 | ALL MIGHT,Vermelho,Prática,Sim,Sim,0,0,0,Não fez contato,1,0,0,Não fez contato,0,Não,Não,Não,Equipe perdeu,
16/03/2023 17:51:28,2,9305 | Mont,Azul,Prática,Sim,Não,1,0,0,Não fez contato,1,1,2,Não fez contato,0,Sim,Não,Não,Equipe ganhou,5
16/03/2023 17:51:38,5,9045 | North Lions SESI/SENAI,Azul,Prática,Temporariamente,Não,0,0,0,Não fez contato,1,0,0,Não fez contato,2,Não,Não,Não,Equipe ganhou,5
16/03/2023 17:51:40,4,1860 | Alphabots,Azul,Prática,Sim,Sim,0,0,0,Não fez contato,1,0,3,Não fez contato,2,Sim,Não,Não,Equipe ganhou,5
16/03/2023 17:52:10,9,7459 | Taubatexas Robotics,Vermelho,Prática,Temporariamente,Não,0,0,0,Não fez contato,0,0,0,Não fez contato,0,Não,Não,Não,Equipe perdeu,5
16/03/2023 17:52:29,1,1156 | Under Control,Vermelho,Prática,Sim,Não,0,1,0,DOCKED e NÃO ENGAGED (robô em contato com a charge station),0,0,3,DOCKED e ENGAGED (robô em contato com a charge station nivelada em conjunto com os outros robôs),0,Não,Não,Não,Equipe perdeu,5
16/03/2023 17:59:16,6,7567 | SESI SENAI OCTOPUS,Azul,Prática,Sim,Sim,0,0,1,Não fez contato,0,0,5,DOCKED e NÃO ENGAGED (robô em contato com a charge station),2,Sim,Não,Não,Equipe ganhou,5
16/03/2023 17:59:44,2,9110 | Atomiic,Azul,Prática,Sim,Não,0,0,0,Não fez contato,1,0,0,Não fez contato,2,Sim,Não,Não,Equipe ganhou,5
16/03/2023 17:59:56,4,9200 | SESI SENAI STARDUST,Azul,Prática,Sim,Não,0,0,1,DOCKED e NÃO ENGAGED (robô em contato com a charge station),0,1,3,Não fez contato,2,Sim,Não,Não,Equipe ganhou,5
16/03/2023 18:00:02,1,9066 | Cavalo Vendado,Vermelho,Prática,Não,Sim,1,0,0,Não fez contato,1,0,0,Não fez contato,0,Sim,Não,Não,Equipe perdeu,5
16/03/2023 18:01:10,9,9085 | SESI SENAI MEGA HARPY,Vermelho,Prática,Sim,Não,1,0,0,Não fez contato,0,0,0,Não fez contato,0,Não,Não,Não,Equipe perdeu,5
16/03/2023 18:12:03,2,9302 | Northstar,Azul,Prática,Não,Não,0,0,0,Não fez contato,0,0,0,Não fez contato,0,Sim,Não,Não,Equipe ganhou,
16/03/2023 18:12:29,7,1860 | Alphabots,Azul,Prática,Sim,Sim,0,0,0,Não fez contato,0,0,4,DOCKED e NÃO ENGAGED (robô em contato com a charge station),2,Não,Sim,Não,Equipe ganhou,5
16/03/2023 18:12:51,9,9162 | ALL MIGHT,Vermelho,Prática,Sim,Sim,0,0,0,Não fez contato,0,0,0,DOCKED e ENGAGED (robô em contato com a charge station nivelada em conjunto com os outros robôs),0,Não,Não,Não,Equipe perdeu,5
16/03/2023 18:13:02,3,9164 | Tech Vikings,Vermelho,Prática,Sim,Não,1,0,0,DOCKED e ENGAGED (robô em contato com a charge station nivelada em conjunto com os outros robôs),2,2,0,Não fez contato,1,Sim,Não,Não,Equipe perdeu,
16/03/2023 18:14:58,4,7567 | SESI SENAI OCTOPUS,Azul,Prática,Sim,Sim,0,0,0,Não fez contato,0,0,3,DOCKED e NÃO ENGAGED (robô em contato com a charge station),2,Não,Não,Sim,Equipe ganhou,5
16/03/2023 18:24:35,3,9087 | steamachines,Vermelho,Prática,Não,Não,0,0,0,Não fez contato,0,0,0,Não fez contato,0,Não,Não,Não,Equipe perdeu,
16/03/2023 18:24:38,2,9200 | SESI SENAI STARDUST,Azul,Prática,Sim,Não,0,0,1,DOCKED e ENGAGED (robô em contato com a charge station nivelada em conjunto com os outros robôs),0,0,3,DOCKED e ENGAGED (robô em contato com a charge station nivelada em conjunto com os outros robôs),1,Não,Não,Não,Equipe ganhou,0
16/03/2023 18:25:06,4,9048 | SESI/SENAI P0t1BOT (Potibot),Azul,Prática,Sim,Sim,0,0,0,Não fez contato,0,2,0,Não fez contato,1,Sim,Não,Não,Equipe ganhou,0
16/03/2023 18:25:44,6,9178 | Cyber One,Azul,Prática,Sim,Sim,0,0,0,Não fez contato,0,1,1,Não fez contato,1,Não,Não,Não,Equipe ganhou,10
16/03/2023 18:26:01,8,7565 | SESI SENAI ROBONATICOS,Vermelho,Prática,Sim,Não,0,0,0,Não fez contato,0,5,0,DOCKED e ENGAGED (robô em contato com a charge station nivelada em conjunto com os outros robôs),1,Sim,Não,Não,Equipe perdeu,5
16/03/2023 18:26:55,1,9066 | Cavalo Vendado,Vermelho,Prática,Não,Sim,1,0,0,Não fez contato,0,0,0,DOCKED e ENGAGED (robô em contato com a charge station nivelada em conjunto com os outros robôs),1,Não,Não,Não,Equipe perdeu,5
17/03/2023 08:54:27,6,9050 | Tucanus,Azul,Qualificatória,Sim,Sim,0,0,0,Não fez contato,1,2,1,DOCKED e ENGAGED (robô em contato com a charge station nivelada em conjunto com os outros robôs),1,Sim,Não,Não,Equipe ganhou,0
17/03/2023 08:54:36,3,9164 | Tech Vikings,Vermelho,Qualificatória,Sim,Não,0,0,0,DOCKED e NÃO ENGAGED (robô em contato com a charge station),1,0,0,DOCKED e ENGAGED (robô em contato com a charge station nivelada em conjunto com os outros robôs),0,Não,Não,Não,Equipe perdeu,10
17/03/2023 08:54:47,2,9085 | SESI SENAI MEGA HARPY,Vermelho,Qualificatória,Sim,Não,0,0,0,Não fez contato,1,0,0,DOCKED e ENGAGED (robô em contato com a charge station nivelada em conjunto com os outros robôs),0,Não,Não,Não,Equipe perdeu,0
17/03/2023 08:54:48,8,9087 | steamachines,Vermelho,Prática,Sim,Sim,0,0,0,Não fez contato,0,0,0,Não fez contato,0,Não,Não,Não,Equipe perdeu,
17/03/2023 08:55:04,4,9219 | Nine Tails,Azul,Qualificatória,Sim,Sim,0,0,0,Não fez contato,1,3,1,DOCKED e ENGAGED (robô em contato com a charge station nivelada em conjunto com os outros robôs),1,Sim,Sim,Não,Equipe ganhou,0
17/03/2023 09:04:59,5,9168 | AGROBOT,Azul,Qualificatória,Temporariamente,Não,0,0,0,Não fez contato,0,0,4,Não fez contato,1,Sim,Não,Não,Equipe perdeu,0
17/03/2023 09:05:03,6,9165 | Starbots FRC,Azul,Qualificatória,Sim,Sim,0,0,1,Não fez contato,0,0,3,Não fez contato,1,Sim,Sim,Não,Equipe perdeu,0
17/03/2023 09:05:31,8,9199 | SESI SENAI SHARKS,Vermelho,Qualificatória,Sim,Sim,1,0,0,Não fez contato,1,0,0,DOCKED e ENGAGED (robô em contato com a charge station nivelada em conjunto com os outros robôs),2,Não,Não,Não,Equipe ganhou,
17/03/2023 09:05:56,1,9046 | SESI SENAI BBTECH,Vermelho,Qualificatória,Não,Não,0,0,0,Não fez contato,1,0,0,DOCKED e ENGAGED (robô em contato com a charge station nivelada em conjunto com os outros robôs),0,Não,Não,Não,Equipe ganhou,0
17/03/2023 09:06:18,3,5800 | Magic Island Robotics,Vermelho,Qualificatória,Sim,Não,0,0,0,DOCKED e NÃO ENGAGED (robô em contato com a charge station),2,1,0,Não fez contato,2,Não,Não,Não,Equipe ganhou,0
17/03/2023 09:17:15,8,9045 | North Lions SESI/SENAI,Vermelho,Qualificatória,Temporariamente,Não,1,0,0,Não fez contato,0,0,0,Não fez contato,0,Sim,Não,Não,Equipe ganhou,
17/03/2023 09:18:51,4,9196 | Steel Claw Robotics,Azul,Qualificatória,Temporariamente,Sim,0,0,0,Não fez contato,1,0,0,Não fez contato,0,Sim,Não,Não,Equipe perdeu,0
17/03/2023 09:18:55,5,9178 | Cyber One,Azul,Qualificatória,Sim,Sim,0,0,0,Não fez contato,1,2,0,DOCKED e ENGAGED (robô em contato com a charge station nivelada em conjunto com os outros robôs),0,Não,Não,Não,Equipe perdeu,34
17/03/2023 09:19:39,9,8882 | Infinity BR,Azul,Qualificatória,Sim,Não,0,0,0,Não fez contato,0,0,0,Não fez contato,0,Não,Não,Não,Equipe perdeu,34
17/03/2023 09:19:44,2,9110 | Atomiic,Vermelho,Qualificatória,Temporariamente,Sim,0,0,0,Não fez contato,1,0,0,Não fez contato,3,Não,Não,Não,Equipe ganhou,0
17/03/2023 09:20:19,1,6404 | Brazilian Storm,Vermelho,Qualificatória,Não,Não,0,0,1,Não fez contato,0,0,0,DOCKED e ENGAGED (robô em contato com a charge station nivelada em conjunto com os outros robôs),0,Não,Não,Não,Equipe ganhou,34
17/03/2023 09:28:07,2,9162 | ALL MIGHT,Vermelho,Qualificatória,Sim,Não,1,0,0,Não fez contato,0,1,0,Não fez contato,0,Não,Não,Sim,Equipe ganhou,0
17/03/2023 09:29:03,4,9169 | AGROTECH,Azul,Qualificatória,Sim,Não,0,0,0,Não fez contato,0,0,1,DOCKED e ENGAGED (robô em contato com a charge station nivelada em conjunto com os outros robôs),0,Não,Não,Não,Equipe perdeu,
17/03/2023 09:28:25,3,7563 | SESI SENAI MEGAZORD,Vermelho,Qualificatória,Sim,Não,0,0,1,DOCKED e ENGAGED (robô em contato com a charge station nivelada em conjunto com os outros robôs),1,0,2,DOCKED e ENGAGED (robô em contato com a charge station nivelada em conjunto com os outros robôs),1,Não,Não,Sim,Equipe ganhou,
17/03/2023 09:28:37,1,1860 | Alphabots,Vermelho,Qualificatória,Não,Sim,1,0,0,Não fez contato,1,0,2,DOCKED e ENGAGED (robô em contato com a charge station nivelada em conjunto com os outros robôs),1,Não,Não,Sim,Equipe ganhou,0
17/03/2023 09:28:43,9,349175 | BrainMachine-FRC,Azul,Qualificatória,Sim,Não,1,0,0,Não fez contato,1,1,1,DOCKED e ENGAGED (robô em contato com a charge station nivelada em conjunto com os outros robôs),0,Não,Não,Não,Equipe perdeu,0
17/03/2023 09:36:25,6,9066 | Cavalo Vendado,Azul,Qualificatória,Sim,Sim,0,0,0,Não fez contato,2,0,3,DOCKED e NÃO ENGAGED (robô em contato com a charge station),1,Sim,Sim,Não,Equipe ganhou,0
17/03/2023 09:36:30,2,6902 | STRIKE,Vermelho,Qualificatória,Sim,Não,1,0,0,Não fez contato,0,0,1,Não fez contato,0,Sim,Não,Não,Equipe perdeu,2
17/03/2023 09:37:29,3,9200 | SESI SENAI STARDUST,Vermelho,Qualificatória,Sim,Não,0,0,1,DOCKED e ENGAGED (robô em contato com a charge station nivelada em conjunto com os outros robôs),0,0,3,Não fez contato,0,Sim,Não,Não,Equipe perdeu,10
17/03/2023 09:37:43,9,8066 | WOLF ARMY ROBOTICS,Azul,Qualificatória,Sim,Não,0,0,0,Não fez contato,1,0,1,Não fez contato,1,Não,Sim,Não,Equipe ganhou,0
17/03/2023 09:38:02,4,9047 | SESI SENAI SC TechMaker Robotics,Azul,Qualificatória,Sim,Sim,0,0,0,Não fez contato,0,0,1,Não fez contato,1,Sim,Sim,Não,Equipe ganhou,10
17/03/2023 09:39:15,8,9302 | Northstar,Vermelho,Qualificatória,Sim,Não,0,0,0,Não fez contato,1,0,1,Não fez contato,0,Sim,Não,Não,Equipe perdeu,
17/03/2023 09:54:02,6,9195 | Team ProdiXy,Azul,Qualificatória,Não,Não,0,0,0,Não fez contato,0,0,0,Não fez contato,0,Não,Não,Não,Equipe perdeu,0
17/03/2023 09:54:25,9,9163 | HYDRA,Azul,Qualificatória,Sim,Não,0,0,0,Não fez contato,0,0,0,Não fez contato,2,Não,Sim,Não,Equipe perdeu,0
17/03/2023 09:54:36,8,8276 | ETECHNOLOGY#8276,Vermelho,Qualificatória,Sim,Não,0,0,0,Não fez contato,1,0,0,DOCKED e NÃO ENGAGED (robô em contato com a charge station),1,Não,Sim,Sim,Equipe ganhou,
17/03/2023 09:54:49,1,1772 | The Brazilian Trail Blazers,Vermelho,Qualificatória,Não,Não,0,1,0,Não fez contato,1,1,0,Não fez contato,1,Sim,Sim,Sim,Equipe ganhou,0
17/03/2023 09:54:50,5,7567 | SESI SENAI OCTOPUS,Azul,Qualificatória,Não,Não,0,0,0,Não fez contato,1,0,4,DOCKED e ENGAGED (robô em contato com a charge station nivelada em conjunto com os outros robôs),2,Não,Sim,Não,Equipe perdeu,
17/03/2023 09:55:41,3,7565 | SESI SENAI ROBONATICOS,Vermelho,Qualificatória,Sim,Não,0,0,1,DOCKED e NÃO ENGAGED (robô em contato com a charge station),3,2,0,DOCKED e ENGAGED (robô em contato com a charge station nivelada em conjunto com os outros robôs),1,Não,Não,Sim,Equipe ganhou,5
17/03/2023 10:05:42,6,1156 | Under Control,Azul,Qualificatória,Sim,Sim,0,1,0,DOCKED e ENGAGED (robô em contato com a charge station nivelada em conjunto com os outros robôs),0,4,2,DOCKED e ENGAGED (robô em contato com a charge station nivelada em conjunto com os outros robôs),2,Sim,Sim,Sim,Equipe ganhou,0
17/03/2023 10:06:08,3,9261 | Under Pressure,Vermelho,Qualificatória,Sim,Não,1,0,0,Não fez contato,1,0,0,DOCKED e ENGAGED (robô em contato com a charge station nivelada em conjunto com os outros robôs),0,Não,Não,Não,Equipe perdeu,
17/03/2023 10:06:17,4,7033 | Roosters,Azul,Qualificatória,Sim,Não,1,0,0,Não fez contato,0,1,1,DOCKED e ENGAGED (robô em contato com a charge station nivelada em conjunto com os outros robôs),2,Não,Sim,Sim,Equipe ganhou,22
17/03/2023 10:06:37,2,9218 | Alpha Technology,Azul,Qualificatória,Temporariamente,Não,0,0,0,Não fez contato,1,4,0,Não fez contato,0,Sim,Não,Não,Equipe perdeu,3
17/03/2023 10:06:45,1,9305 | Mont,Vermelho,Qualificatória,Não,Não,1,0,0,Não fez contato,2,0,0,DOCKED e ENGAGED (robô em contato com a charge station nivelada em conjunto com os outros robôs),0,Não,Não,Não,Equipe perdeu,22
17/03/2023 10:10:01,9,9048 | SESI/SENAI P0t1BOT (Potibot),Azul,Qualificatória,Sim,Não,0,1,0,Não fez contato,2,0,0,DOCKED e ENGAGED (robô em contato com a charge station nivelada em conjunto com os outros robôs),2,Não,Sim,Sim,,0
17/03/2023 10:19:04,2,9110 | Atomiic,Vermelho,Qualificatória,Temporariamente,Sim,0,0,0,Não fez contato,0,0,0,Não fez contato,0,Não,Não,Não,Equipe perdeu,10
17/03/2023 10:19:28,8,7459 | Taubatexas Robotics,Vermelho,Qualificatória,Sim,Não,1,0,0,Não fez contato,1,0,0,DOCKED e ENGAGED (robô em contato com a charge station nivelada em conjunto com os outros robôs),0,Não,Não,Sim,Equipe perdeu,10
17/03/2023 10:19:37,9,6404 | Brazilian Storm,Azul,Qualificatória,Sim,Sim,0,0,0,DOCKED e ENGAGED (robô em contato com a charge station nivelada em conjunto com os outros robôs),0,0,1,Não fez contato,0,Não,Não,Não,Equipe ganhou,15
17/03/2023 10:19:42,5,9219 | Nine Tails,Azul,Qualificatória,Sim,Sim,0,0,0,Não fez contato,1,1,1,DOCKED e ENGAGED (robô em contato com a charge station nivelada em conjunto com os outros robôs),0,Não,Não,Sim,Equipe ganhou,15
17/03/2023 10:20:05,1,8882 | Infinity BR,Vermelho,Qualificatória,Não,Não,0,0,0,Não fez contato,1,0,0,DOCKED e ENGAGED (robô em contato com a charge station nivelada em conjunto com os outros robôs),0,Não,Não,Não,,
17/03/2023 10:31:30,3,9196 | Steel Claw Robotics,Vermelho,Qualificatória,Temporariamente,Não,0,0,0,Não fez contato,0,0,0,DOCKED e ENGAGED (robô em contato com a charge station nivelada em conjunto com os outros robôs),0,Não,Não,Não,Equipe perdeu,
17/03/2023 10:32:07,2,9162 | ALL MIGHT,Vermelho,Qualificatória,Sim,Sim,1,0,0,Não fez contato,0,1,0,Não fez contato,0,Sim,Não,Não,Equipe perdeu,2
17/03/2023 10:32:14,9,5800 | Magic Island Robotics,Azul,Qualificatória,Sim,Não,0,0,1,Não fez contato,0,1,1,Não fez contato,2,Não,Não,Não,Equipe ganhou,0
17/03/2023 10:32:47,4,9085 | SESI SENAI MEGA HARPY,Azul,Qualificatória,Sim,Não,0,0,0,Não fez contato,2,0,0,DOCKED e ENGAGED (robô em contato com a charge station nivelada em conjunto com os outros robôs),2,Não,Não,Não,Equipe ganhou,0
17/03/2023 10:40:12,6,8066 | WOLF ARMY ROBOTICS,Azul,Qualificatória,Sim,Não,0,0,0,Não fez contato,2,0,0,Não fez contato,2,Sim,Sim,Não,Equipe perdeu,10
17/03/2023 10:40:26,8,9199 | SESI SENAI SHARKS,Vermelho,Qualificatória,Sim,Sim,1,0,0,Não fez contato,2,0,1,DOCKED e ENGAGED (robô em contato com a charge station nivelada em conjunto com os outros robôs),1,Não,Sim,Sim,Equipe ganhou,
17/03/2023 10:40:48,3,9169 | AGROTECH,Vermelho,Qualificatória,Sim,Não,0,0,0,DOCKED e ENGAGED (robô em contato com a charge station nivelada em conjunto com os outros robôs),1,0,0,DOCKED e ENGAGED (robô em contato com a charge station nivelada em conjunto com os outros robôs),1,Não,Sim,Sim,Equipe ganhou,
17/03/2023 10:40:57,9,9046 | SESI SENAI BBTECH,Azul,Qualificatória,Sim,Sim,0,0,0,Não fez contato,1,2,0,Não fez contato,2,Não,Sim,Não,Equipe perdeu,10
17/03/2023 10:41:25,1,9047 | SESI SENAI SC TechMaker Robotics,Vermelho,Qualificatória,Não,Sim,0,0,1,Não fez contato,1,0,2,Não fez contato,1,Sim,Sim,Sim,Equipe ganhou,0
17/03/2023 10:50:03,2,9087 | steamachines,Vermelho,Qualificatória,Sim,Não,0,0,0,Não fez contato,0,0,0,Não fez contato,1,Não,Sim,Não,Equipe perdeu,3
17/03/2023 10:50:07,6,1860 | Alphabots,Azul,Qualificatória,Sim,Sim,0,0,1,Não fez contato,2,0,2,DOCKED e ENGAGED (robô em contato com a charge station nivelada em conjunto com os outros robôs),1,Não,Sim,Sim,Equipe ganhou,0
17/03/2023 10:50:09,8,9045 | North Lions SESI/SENAI,Vermelho,Qualificatória,Sim,Não,1,0,0,Não fez contato,0,0,0,Não fez contato,1,Sim,Não,Não,Equipe perdeu,
17/03/2023 10:51:02,1,7565 | SESI SENAI ROBONATICOS,Vermelho,Qualificatória,Não,Sim,0,0,1,Não fez contato,1,3,0,DOCKED e ENGAGED (robô em contato com a charge station nivelada em conjunto com os outros robôs),1,Não,Sim,Não,Equipe perdeu,
17/03/2023 10:51:14,4,1772 | The Brazilian Trail Blazers,Azul,Qualificatória,Temporariamente,Não,0,0,0,Não fez contato,2,1,0,Não fez contato,0,Sim,Sim,Não,Equipe ganhou,0
17/03/2023 10:58:17,8,9163 | HYDRA,Vermelho,Qualificatória,Não,Não,0,0,0,Não fez contato,0,0,0,Não fez contato,0,Não,Não,Não,Equipe perdeu,
17/03/2023 10:58:58,3,9261 | Under Pressure,Vermelho,Qualificatória,Sim,Não,1,0,0,Não fez contato,0,0,0,DOCKED e ENGAGED (robô em contato com a charge station nivelada em conjunto com os outros robôs),0,Não,Não,Não,Equipe perdeu,
17/03/2023 10:59:23,5,9218 | Alpha Technology,Azul,Qualificatória,Sim,Não,0,0,0,Não fez contato,1,1,0,Não fez contato,1,Não,Não,Não,Equipe ganhou,
17/03/2023 10:59:35,4,7563 | SESI SENAI MEGAZORD,Azul,Qualificatória,Sim,Não,0,0,1,Não fez contato,2,0,4,DOCKED e NÃO ENGAGED (robô em contato com a charge station),2,Não,Sim,Não,Equipe ganhou,
17/03/2023 11:00:07,1,6902 | STRIKE,Vermelho,Qualificatória,Não,Não,1,0,0,Não fez contato,0,0,0,Não fez contato,0,Sim,Não,Não,Equipe perdeu,0
17/03/2023 11:07:27,3,9302 | Northstar,Vermelho,Qualificatória,Temporariamente,Não,0,0,0,Não fez contato,0,1,0,Não fez contato,0,Não,Não,Não,Equipe perdeu,10
17/03/2023 11:07:37,5,9166 | TecRobot,Azul,Qualificatória,Sim,Não,0,0,0,Não fez contato,1,0,0,Não fez contato,1,Não,Não,Não,Equipe ganhou,0
17/03/2023 11:07:43,6,9066 | Cavalo Vendado,Azul,Qualificatória,Temporariamente,Sim,0,0,1,Não fez contato,2,0,0,Não fez contato,1,Não,Sim,Não,,0
17/03/2023 11:07:46,2,9048 | SESI/SENAI P0t1BOT (Potibot),Vermelho,Qualificatória,Sim,Não,0,1,0,Não fez contato,1,1,0,Não fez contato,0,Não,Não,Não,Equipe perdeu,2
17/03/2023 11:07:52,4,9305 | Mont,Azul,Qualificatória,Sim,Não,1,0,0,Não fez contato,0,2,1,Não fez contato,0,Sim,Sim,Não,Equipe ganhou,10
17/03/2023 11:07:58,1,9168 | AGROBOT,Vermelho,Qualificatória,Não,Sim,1,0,0,Não fez contato,0,1,1,Não fez contato,0,Não,Não,Não,Equipe perdeu,10
17/03/2023 11:17:19,3,9195 | Team ProdiXy,Vermelho,Qualificatória,Não,Não,0,0,0,Não fez contato,0,0,0,Não fez contato,0,Não,Não,Não,Equipe perdeu,
17/03/2023 11:17:44,4,1156 | Under Control,Azul,Qualificatória,Sim,Sim,0,1,0,DOCKED e NÃO ENGAGED (robô em contato com a charge station),0,3,2,DOCKED e ENGAGED (robô em contato com a charge station nivelada em conjunto com os outros robôs),3,Não,Sim,Sim,Equipe ganhou,15
17/03/2023 11:17:50,6,7567 | SESI SENAI OCTOPUS,Azul,Qualificatória,Sim,Sim,0,0,1,Não fez contato,1,0,3,Não fez contato,3,Sim,Sim,Sim,Equipe ganhou,0
17/03/2023 11:18:08,2,7033 | Roosters,Vermelho,Qualificatória,Sim,Sim,1,0,0,Não fez contato,0,0,1,Não fez contato,0,Não,Não,Não,Equipe perdeu,0
17/03/2023 11:18:42,8,9050 | Tucanus,Vermelho,Qualificatória,Sim,Não,0,0,0,Não fez contato,1,0,0,DOCKED e ENGAGED (robô em contato com a charge station nivelada em conjunto com os outros robôs),0,Não,Não,Não,Equipe perdeu,
17/03/2023 11:27:13,2,7459 | Taubatexas Robotics,Vermelho,Qualificatória,Sim,Não,1,0,0,Não fez contato,1,0,0,DOCKED e ENGAGED (robô em contato com a charge station nivelada em conjunto com os outros robôs),0,Não,Não,Não,Equipe perdeu,2
17/03/2023 11:27:18,9,9047 | SESI SENAI SC TechMaker Robotics,Azul,Qualificatória,Sim,Sim,0,0,0,Não fez contato,1,0,1,DOCKED e ENGAGED (robô em contato com a charge station nivelada em conjunto com os outros robôs),2,Não,Sim,Não,Equipe ganhou,0
17/03/2023 11:27:30,4,9110 | Atomiic,Azul,Qualificatória,Sim,Não,0,0,0,Não fez contato,1,0,1,Não fez contato,2,Sim,Sim,Sim,Equipe ganhou,
17/03/2023 11:27:30,6,9047 | SESI SENAI SC TechMaker Robotics,Azul,Qualificatória,Sim,Sim,0,0,1,Não fez contato,1,0,1,DOCKED e ENGAGED (robô em contato com a charge station nivelada em conjunto com os outros robôs),2,Sim,Sim,Não,Equipe ganhou,0
17/03/2023 11:27:38,8,9046 | SESI SENAI BBTECH,Vermelho,Qualificatória,Sim,Sim,0,0,0,Não fez contato,1,1,0,Não fez contato,0,Não,Não,Não,Equipe perdeu,39
17/03/2023 11:28:15,1,9165 | Starbots FRC,Vermelho,Qualificatória,Não,Não,0,0,0,Não fez contato,0,0,2,DOCKED e ENGAGED (robô em contato com a charge station nivelada em conjunto com os outros robôs),0,Não,Não,Não,Equipe perdeu,39
17/03/2023 11:35:58,3,9087 | steamachines,Vermelho,Qualificatória,Sim,Sim,0,0,0,Não fez contato,0,0,0,DOCKED e ENGAGED (robô em contato com a charge station nivelada em conjunto com os outros robôs),2,Não,Não,Não,Equipe perdeu,5
17/03/2023 11:36:24,8,9219 | Nine Tails,Vermelho,Qualificatória,Sim,Sim,1,0,0,Não fez contato,1,3,1,Não fez contato,0,Não,Não,Não,,
17/03/2023 11:36:42,4,1860 | Alphabots,Azul,Qualificatória,Sim,Não,0,0,0,Não fez contato,0,0,2,DOCKED e ENGAGED (robô em contato com a charge station nivelada em conjunto com os outros robôs),1,Não,Sim,Sim,Equipe ganhou,5
17/03/2023 11:36:45,6,6404 | Brazilian Storm,Azul,Qualificatória,Sim,Sim,0,0,0,Não fez contato,0,0,0,DOCKED e ENGAGED (robô em contato com a charge station nivelada em conjunto com os outros robôs),1,Não,Sim,Sim,Equipe ganhou,5
17/03/2023 11:37:02,9,5800 | Magic Island Robotics,Azul,Qualificatória,Sim,Não,0,0,1,Não fez contato,0,2,2,DOCKED e ENGAGED (robô em contato com a charge station nivelada em conjunto com os outros robôs),1,Não,Sim,Sim,Equipe ganhou,5
17/03/2023 11:37:18,2,8066 | WOLF ARMY ROBOTICS,Vermelho,Qualificatória,Sim,Não,0,0,0,Não fez contato,2,1,0,Não fez contato,0,Não,Não,Não,Equipe perdeu,5
17/03/2023 11:43:58,8,9163 | HYDRA,Vermelho,Qualificatória,Sim,Sim,0,0,0,Não fez contato,0,0,0,Não fez contato,0,Sim,Não,Não,,
17/03/2023 11:44:22,9,9199 | SESI SENAI SHARKS,Azul,Qualificatória,Sim,Sim,0,0,0,Não fez contato,1,0,1,Não fez contato,1,Sim,Sim,Não,Equipe perdeu,5
17/03/2023 11:44:36,2,9200 | SESI SENAI STARDUST,Vermelho,Qualificatória,Sim,Não,0,0,1,DOCKED e NÃO ENGAGED (robô em contato com a charge station),0,0,2,DOCKED e ENGAGED (robô em contato com a charge station nivelada em conjunto com os outros robôs),0,Não,Não,Não,Equipe ganhou,0
17/03/2023 11:44:39,5,9261 | Under Pressure,Azul,Qualificatória,Sim,Sim,0,0,0,Não fez contato,0,1,1,DOCKED e NÃO ENGAGED (robô em contato com a charge station),2,Não,Não,Não,Equipe perdeu,5
17/03/2023 11:44:55,1,9162 | ALL MIGHT,Vermelho,Qualificatória,Não,Sim,1,0,0,Não fez contato,1,0,0,DOCKED e ENGAGED (robô em contato com a charge station nivelada em conjunto com os outros robôs),0,Não,Não,Não,Equipe ganhou,0
17/03/2023 11:46:30,4,7565 | SESI SENAI ROBONATICOS,Azul,Qualificatória,Sim,Não,0,0,1,DOCKED e NÃO ENGAGED (robô em contato com a charge station),2,2,0,Não fez contato,1,Não,Sim,Não,Equipe perdeu,0
17/03/2023 11:50:56,8,9049 | SESI SENAI STEAMPUNK MONKEY FRC,Vermelho,Qualificatória,Sim,Não,0,0,0,Não fez contato,0,0,0,Não fez contato,0,Não,Não,Não,Equipe perdeu,
17/03/2023 11:52:01,4,9302 | Northstar,Azul,Qualificatória,Sim,Não,0,0,0,Não fez contato,1,2,0,Não fez contato,1,Sim,Sim,Não,Equipe ganhou,5
17/03/2023 11:52:03,3,9169 | AGROTECH,Vermelho,Qualificatória,Sim,Não,0,0,0,DOCKED e ENGAGED (robô em contato com a charge station nivelada em conjunto com os outros robôs),2,1,0,Não fez contato,1,Sim,Não,Não,Equipe perdeu,
17/03/2023 11:52:20,9,9045 | North Lions SESI/SENAI,Azul,Qualificatória,Sim,Sim,0,0,0,Não fez contato,0,0,0,DOCKED e ENGAGED (robô em contato com a charge station nivelada em conjunto com os outros robôs),1,Não,Sim,Não,Equipe ganhou,0
17/03/2023 11:52:21,5,9302 | Northstar,Azul,Qualificatória,Temporariamente,Não,0,0,0,Não fez contato,0,1,2,Não fez contato,1,Sim,Sim,Não,Equipe ganhou,0
17/03/2023 11:52:49,2,8276 | ETECHNOLOGY#8276,Vermelho,Qualificatória,Sim,Não,0,0,0,Não fez contato,1,0,0,Não fez contato,0,Sim,Não,Não,Equipe perdeu,0
17/03/2023 12:00:29,9,6902 | STRIKE,Azul,Qualificatória,Sim,Sim,0,0,0,Não fez contato,0,1,0,DOCKED e NÃO ENGAGED (robô em contato com a charge station),0,Não,Não,Não,Equipe perdeu,15
17/03/2023 12:00:42,1,9050 | Tucanus,Vermelho,Qualificatória,Não,Sim,0,0,0,Não fez contato,0,1,2,DOCKED e ENGAGED (robô em contato com a charge station nivelada em conjunto com os outros robôs),3,Não,Sim,Não,Equipe ganhou,
17/03/2023 12:00:48,2,9048 | SESI/SENAI P0t1BOT (Potibot),Vermelho,Qualificatória,Sim,Não,0,1,0,Não fez contato,0,2,1,DOCKED e ENGAGED (robô em contato com a charge station nivelada em conjunto com os outros robôs),2,Não,Não,Não,Equipe ganhou,0
17/03/2023 12:01:26,4,9196 | Steel Claw Robotics,Azul,Qualificatória,Sim,Não,0,0,0,Não fez contato,0,0,0,DOCKED e NÃO ENGAGED (robô em contato com a charge station),0,Não,Não,Não,Equipe perdeu,
17/03/2023 12:01:27,3,7567 | SESI SENAI OCTOPUS,Vermelho,Qualificatória,Sim,Não,0,0,1,DOCKED e ENGAGED (robô em contato com a charge station nivelada em conjunto com os outros robôs),0,0,4,Não fez contato,2,Sim,Não,Não,Equipe ganhou,
17/03/2023 12:04:00,5,9066 | Cavalo Vendado,Azul,Qualificatória,Sim,Sim,0,0,0,Não fez contato,2,0,0,Não fez contato,0,Não,Não,Não,Equipe perdeu,
17/03/2023 13:05:33,9,9178 | Cyber One,Azul,Qualificatória,Sim,Não,0,0,0,Não fez contato,2,0,0,DOCKED e ENGAGED (robô em contato com a charge station nivelada em conjunto com os outros robôs),0,Não,Não,Não,Equipe ganhou,5
17/03/2023 13:06:06,5,7563 | SESI SENAI MEGAZORD,Azul,Qualificatória,Sim,Não,0,0,1,DOCKED e NÃO ENGAGED (robô em contato com a charge station),0,0,4,DOCKED e ENGAGED (robô em contato com a charge station nivelada em conjunto com os outros robôs),0,Não,Não,Não,Equipe ganhou,5
17/03/2023 13:07:28,4,9085 | SESI SENAI MEGA HARPY,Azul,Qualificatória,Sim,Não,0,1,0,Não fez contato,0,0,0,Não fez contato,0,Não,Não,Não,Equipe perdeu,5
17/03/2023 13:08:12,8,8882 | Infinity BR,Vermelho,Qualificatória,Sim,Sim,0,0,0,Não fez contato,0,0,0,DOCKED e ENGAGED (robô em contato com a charge station nivelada em conjunto com os outros robôs),2,Não,Sim,Sim,Equipe perdeu,22
17/03/2023 13:08:38,3,1156 | Under Control,Vermelho,Qualificatória,Sim,Não,0,1,0,DOCKED e ENGAGED (robô em contato com a charge station nivelada em conjunto com os outros robôs),0,5,0,DOCKED e ENGAGED (robô em contato com a charge station nivelada em conjunto com os outros robôs),2,Não,Sim,Sim,Equipe ganhou,22
17/03/2023 13:13:33,9,349175 | BrainMachine-FRC,Azul,Qualificatória,Sim,Sim,0,0,0,Não fez contato,1,2,0,DOCKED e ENGAGED (robô em contato com a charge station nivelada em conjunto com os outros robôs),1,Não,Sim,Não,Equipe perdeu,10
17/03/2023 13:13:36,3,9218 | Alpha Technology,Vermelho,Qualificatória,Temporariamente,Não,0,0,0,Não fez contato,3,0,0,Não fez contato,2,Sim,Não,Não,Equipe ganhou,
17/03/2023 13:13:47,4,9195 | Team ProdiXy,Azul,Qualificatória,Temporariamente,Não,0,0,0,Não fez contato,0,0,0,Não fez contato,1,Sim,Sim,Não,Equipe ganhou,10
17/03/2023 13:14:12,5,1772 | The Brazilian Trail Blazers,Azul,Qualificatória,Sim,Não,0,0,0,Não fez contato,0,3,0,DOCKED e ENGAGED (robô em contato com a charge station nivelada em conjunto com os outros robôs),1,Não,Sim,Não,Equipe perdeu,10
17/03/2023 13:14:52,2,9168 | AGROBOT,Vermelho,Qualificatória,Sim,Sim,1,0,0,Não fez contato,1,0,0,DOCKED e ENGAGED (robô em contato com a charge station nivelada em conjunto com os outros robôs),2,Não,Não,Não,Equipe ganhou,0
17/03/2023 13:15:05,8,7033 | Roosters,Vermelho,Qualificatória,Sim,Sim,1,0,0,Não fez contato,2,0,0,DOCKED e ENGAGED (robô em contato com a charge station nivelada em conjunto com os outros robôs),2,Não,Não,Não,Equipe ganhou,
17/03/2023 13:26:01,4,9163 | HYDRA,Azul,Qualificatória,Temporariamente,Não,0,0,0,Não fez contato,0,0,0,Não fez contato,1,Sim,Sim,Sim,Equipe ganhou,0
17/03/2023 13:26:48,8,5800 | Magic Island Robotics,Vermelho,Qualificatória,Sim,Sim,0,0,0,Não fez contato,1,0,3,Não fez contato,1,Sim,Não,Sim,Equipe perdeu,17
17/03/2023 13:26:53,9,9199 | SESI SENAI SHARKS,Azul,Qualificatória,Sim,Sim,1,0,0,Não fez contato,0,1,0,Não fez contato,2,Não,Sim,Sim,Equipe ganhou,0
17/03/2023 13:26:55,6,9164 | Tech Vikings,Azul,Qualificatória,Sim,Sim,0,1,0,DOCKED e ENGAGED (robô em contato com a charge station nivelada em conjunto com os outros robôs),2,3,0,DOCKED e ENGAGED (robô em contato com a charge station nivelada em conjunto com os outros robôs),2,Sim,Sim,Sim,Equipe ganhou,0
17/03/2023 13:27:04,2,9110 | Atomiic,Vermelho,Qualificatória,Sim,Sim,0,0,0,Não fez contato,1,1,0,DOCKED e ENGAGED (robô em contato com a charge station nivelada em conjunto com os outros robôs),0,Não,Não,Sim,Equipe perdeu,0
17/03/2023 13:27:33,3,9200 | SESI SENAI STARDUST,Vermelho,Qualificatória,Sim,Não,0,0,1,DOCKED e ENGAGED (robô em contato com a charge station nivelada em conjunto com os outros robôs),0,0,3,DOCKED e ENGAGED (robô em contato com a charge station nivelada em conjunto com os outros robôs),1,Não,Não,Sim,Equipe perdeu,17
17/03/2023 13:34:05,3,9165 | Starbots FRC,Vermelho,Qualificatória,Temporariamente,Não,0,0,0,Não fez contato,0,0,2,Não fez contato,0,Sim,Sim,Não,Equipe perdeu,
17/03/2023 13:34:09,9,8276 | ETECHNOLOGY#8276,Azul,Qualificatória,Sim,Não,0,0,0,Não fez contato,3,7,7,Não fez contato,1,Sim,Sim,Não,Equipe ganhou,0
17/03/2023 13:34:24,1,9305 | Mont,Azul,Qualificatória,Não,Não,1,0,0,Não fez contato,0,1,2,DOCKED e ENGAGED (robô em contato com a charge station nivelada em conjunto com os outros robôs),1,Não,Sim,Não,,
17/03/2023 13:34:34,2,6404 | Brazilian Storm,Vermelho,Qualificatória,Sim,Sim,0,0,0,Não fez contato,1,1,0,DOCKED e ENGAGED (robô em contato com a charge station nivelada em conjunto com os outros robôs),1,Não,Não,Não,Equipe perdeu,0
17/03/2023 13:34:38,6,7459 | Taubatexas Robotics,Azul,Qualificatória,Sim,Não,0,0,0,Não fez contato,0,1,1,Não fez contato,0,Não,Não,Não,Equipe ganhou,0
17/03/2023 13:34:39,8,8066 | WOLF ARMY ROBOTICS,Vermelho,Qualificatória,Sim,Não,0,0,0,Não fez contato,1,1,0,DOCKED e ENGAGED (robô em contato com a charge station nivelada em conjunto com os outros robôs),0,Não,Sim,Não,Equipe perdeu,
17/03/2023 13:42:15,9,9050 | Tucanus,Azul,Qualificatória,Sim,Não,0,0,0,Não fez contato,3,0,2,DOCKED e NÃO ENGAGED (robô em contato com a charge station),0,Não,Sim,Não,Equipe perdeu,5
17/03/2023 13:42:17,3,9261 | Under Pressure,Vermelho,Qualificatória,Sim,Não,1,0,0,Não fez contato,1,0,0,Não fez contato,0,Sim,Não,Não,Equipe ganhou,
17/03/2023 13:42:38,2,9066 | Cavalo Vendado,Vermelho,Qualificatória,Sim,Sim,0,0,1,Não fez contato,3,6,1,DOCKED e ENGAGED (robô em contato com a charge station nivelada em conjunto com os outros robôs),0,Não,Não,Não,Equipe ganhou,5
17/03/2023 13:43:40,1,9087 | steamachines,Azul,Qualificatória,Não,Sim,0,0,0,Não fez contato,1,0,0,DOCKED e NÃO ENGAGED (robô em contato com a charge station),0,Não,Sim,Não,Equipe perdeu,5
17/03/2023 13:44:41,8,9048 | SESI/SENAI P0t1BOT (Potibot),Vermelho,Qualificatória,Sim,Sim,0,1,0,Não fez contato,1,0,0,DOCKED e ENGAGED (robô em contato com a charge station nivelada em conjunto com os outros robôs),0,Não,Não,Não,Equipe ganhou,
17/03/2023 13:52:28,4,7563 | SESI SENAI MEGAZORD,Azul,Qualificatória,Sim,Sim,0,0,1,DOCKED e NÃO ENGAGED (robô em contato com a charge station),0,3,1,DOCKED e NÃO ENGAGED (robô em contato com a charge station),4,Não,Sim,Não,Equipe ganhou,
17/03/2023 13:52:36,9,7567 | SESI SENAI OCTOPUS,Azul,Qualificatória,Sim,Sim,0,0,1,Não fez contato,0,0,4,DOCKED e ENGAGED (robô em contato com a charge station nivelada em conjunto com os outros robôs),4,Não,Sim,Não,Equipe ganhou,15
17/03/2023 13:53:25,8,9047 | SESI SENAI SC TechMaker Robotics,Vermelho,Qualificatória,Sim,Sim,0,0,1,Não fez contato,0,0,2,Não fez contato,2,Não,Não,Não,Equipe perdeu,
17/03/2023 13:54:38,3,9196 | Steel Claw Robotics,Vermelho,Qualificatória,Temporariamente,Não,0,0,0,Não fez contato,1,0,0,Não fez contato,2,Sim,Não,Não,Equipe perdeu,
17/03/2023 13:54:46,2,9219 | Nine Tails,Vermelho,Qualificatória,Sim,Sim,1,0,0,Não fez contato,1,0,3,Não fez contato,1,Não,Não,Não,Equipe perdeu,0
17/03/2023 13:56:28,7,9169 | AGROTECH,Azul,Qualificatória,Sim,Não,0,0,0,DOCKED e ENGAGED (robô em contato com a charge station nivelada em conjunto com os outros robôs),0,2,0,DOCKED e NÃO ENGAGED (robô em contato com a charge station),0,Não,Não,Não,Equipe perdeu,0
17/03/2023 14:03:04,6,9195 | Team ProdiXy,Azul,Qualificatória,Sim,Sim,1,0,0,Não fez contato,0,0,0,DOCKED e ENGAGED (robô em contato com a charge station nivelada em conjunto com os outros robôs),0,Sim,Não,Não,Equipe perdeu,5
17/03/2023 14:03:17,4,9046 | SESI SENAI BBTECH,Azul,Qualificatória,Sim,Não,1,0,0,Não fez contato,0,0,0,Não fez contato,0,Não,Não,Não,Equipe perdeu,5
17/03/2023 14:03:30,2,9166 | TecRobot,Vermelho,Qualificatória,Sim,Sim,0,0,0,Não fez contato,1,1,0,Não fez contato,1,Sim,Não,Não,Equipe ganhou,0
17/03/2023 14:03:31,3,9085 | SESI SENAI MEGA HARPY,Vermelho,Qualificatória,Sim,Não,0,1,0,Não fez contato,2,0,0,DOCKED e ENGAGED (robô em contato com a charge station nivelada em conjunto com os outros robôs),1,Não,Não,Não,Equipe ganhou,
17/03/2023 14:03:34,9,9045 | North Lions SESI/SENAI,Azul,Qualificatória,Sim,Sim,1,0,0,Não fez contato,2,0,0,DOCKED e ENGAGED (robô em contato com a charge station nivelada em conjunto com os outros robôs),0,Não,Não,Não,Equipe perdeu,5
17/03/2023 14:03:35,5,7033 | Roosters,Vermelho,Qualificatória,Sim,Sim,0,0,0,Não fez contato,0,1,0,Não fez contato,1,Não,Não,Não,Equipe ganhou,0
17/03/2023 14:10:48,6,1772 | The Brazilian Trail Blazers,Azul,Qualificatória,Sim,Sim,0,1,0,Não fez contato,0,1,0,DOCKED e ENGAGED (robô em contato com a charge station nivelada em conjunto com os outros robôs),1,Sim,Não,Sim,Equipe perdeu,5
17/03/2023 14:11:00,3,1860 | Alphabots,Vermelho,Qualificatória,Sim,Não,0,0,0,DOCKED e NÃO ENGAGED (robô em contato com a charge station),0,0,3,DOCKED e ENGAGED (robô em contato com a charge station nivelada em conjunto com os outros robôs),1,Não,Não,Não,Equipe ganhou,
17/03/2023 14:11:05,2,6902 | STRIKE,Vermelho,Qualificatória,Sim,Sim,0,0,0,Não fez contato,0,1,0,Não fez contato,1,Sim,Não,Sim,Equipe ganhou,0
17/03/2023 14:11:06,5,9178 | Cyber One,Vermelho,Qualificatória,Sim,Sim,0,0,0,Não fez contato,2,0,0,DOCKED e ENGAGED (robô em contato com a charge station nivelada em conjunto com os outros robôs),1,Não,Não,Sim,Equipe ganhou,10
17/03/2023 14:11:23,4,1772 | The Brazilian Trail Blazers,Azul,Qualificatória,Sim,Não,0,1,0,Não fez contato,0,3,0,Não fez contato,1,Sim,Não,Não,Equipe perdeu,0
17/03/2023 14:21:16,6,7565 | SESI SENAI ROBONATICOS,Azul,Qualificatória,Sim,Sim,0,0,1,DOCKED e ENGAGED (robô em contato com a charge station nivelada em conjunto com os outros robôs),0,0,2,DOCKED e ENGAGED (robô em contato com a charge station nivelada em conjunto com os outros robôs),1,Sim,Sim,Não,Equipe perdeu,5
17/03/2023 14:21:45,4,8882 | Infinity BR,Azul,Qualificatória,Sim,Não,0,0,0,Não fez contato,0,0,0,Não fez contato,1,Sim,Não,Não,Equipe perdeu,5
17/03/2023 14:22:40,3,1156 | Under Control,Vermelho,Qualificatória,Sim,Não,0,1,0,DOCKED e ENGAGED (robô em contato com a charge station nivelada em conjunto com os outros robôs),0,5,0,DOCKED e ENGAGED (robô em contato com a charge station nivelada em conjunto com os outros robôs),3,Não,Sim,Sim,Equipe ganhou,
17/03/2023 14:22:42,5,9218 | Alpha Technology,Vermelho,Qualificatória,Sim,Sim,0,0,1,Não fez contato,0,0,0,Não fez contato,3,Não,Sim,Sim,Equipe ganhou,5
17/03/2023 14:28:09,8,8276 | ETECHNOLOGY#8276,Vermelho,Qualificatória,Não,Não,0,0,0,Não fez contato,1,0,0,Não fez contato,0,Não,Sim,Não,Equipe ganhou,
17/03/2023 14:30:01,4,9110 | Atomiic,Azul,Qualificatória,Sim,Não,0,0,0,Não fez contato,1,2,0,DOCKED e ENGAGED (robô em contato com a charge station nivelada em conjunto com os outros robôs),1,Não,Não,Não,Equipe perdeu,10
17/03/2023 14:29:45,5,9199 | SESI SENAI SHARKS,Vermelho,Qualificatória,Sim,Não,0,0,0,DOCKED e NÃO ENGAGED (robô em contato com a charge station),0,1,1,DOCKED e ENGAGED (robô em contato com a charge station nivelada em conjunto com os outros robôs),1,Não,Sim,Sim,Equipe ganhou,
17/03/2023 14:30:05,2,9165 | Starbots FRC,Vermelho,Qualificatória,Sim,Não,0,0,0,Não fez contato,2,0,1,DOCKED e ENGAGED (robô em contato com a charge station nivelada em conjunto com os outros robôs),1,Não,Sim,Não,Equipe ganhou,0
17/03/2023 14:30:38,6,9050 | Tucanus,Azul,Qualificatória,Sim,Sim,0,0,0,Não fez contato,3,1,0,Não fez contato,1,Sim,Não,Não,Equipe perdeu,0
17/03/2023 14:38:04,8,9305 | Mont,Vermelho,Qualificatória,Sim,Não,1,0,0,Não fez contato,0,1,2,DOCKED e ENGAGED (robô em contato com a charge station nivelada em conjunto com os outros robôs),2,Não,Sim,Não,Equipe ganhou,
17/03/2023 14:38:09,2,9219 | Nine Tails,Vermelho,Qualificatória,Sim,Sim,1,0,0,Não fez contato,0,2,2,Não fez contato,2,Não,Sim,Não,Equipe ganhou,0
17/03/2023 14:38:37,9,9196 | Steel Claw Robotics,Azul,Qualificatória,Sim,Não,0,0,0,Não fez contato,1,0,0,DOCKED e ENGAGED (robô em contato com a charge station nivelada em conjunto com os outros robôs),1,Não,Não,Sim,Equipe perdeu,10
17/03/2023 14:38:45,6,9200 | SESI SENAI STARDUST,Azul,Qualificatória,Sim,Sim,0,0,1,DOCKED e ENGAGED (robô em contato com a charge station nivelada em conjunto com os outros robôs),0,0,3,DOCKED e ENGAGED (robô em contato com a charge station nivelada em conjunto com os outros robôs),1,Sim,Não,Sim,Equipe perdeu,10
17/03/2023 14:38:51,4,9087 | steamachines,Azul,Qualificatória,Sim,Sim,0,0,0,Não fez contato,1,0,0,Não fez contato,1,Não,Não,Sim,Equipe perdeu,0
17/03/2023 14:39:00,5,9164 | Tech Vikings,Vermelho,Qualificatória,Sim,Não,0,1,0,DOCKED e ENGAGED (robô em contato com a charge station nivelada em conjunto com os outros robôs),1,2,6,DOCKED e ENGAGED (robô em contato com a charge station nivelada em conjunto com os outros robôs),2,Não,Sim,Sim,Equipe ganhou,10
17/03/2023 14:49:26,9,7563 | SESI SENAI MEGAZORD,Azul,Qualificatória,Sim,Não,0,0,0,DOCKED e ENGAGED (robô em contato com a charge station nivelada em conjunto com os outros robôs),0,2,2,DOCKED e ENGAGED (robô em contato com a charge station nivelada em conjunto com os outros robôs),1,Não,Sim,Não,Equipe ganhou,0
17/03/2023 14:49:09,8,9195 | Team ProdiXy,Vermelho,Qualificatória,Sim,Não,1,0,0,Não fez contato,0,0,0,Não fez contato,0,Não,Não,Não,Equipe perdeu,10
17/03/2023 14:49:43,3,9066 | Cavalo Vendado,Vermelho,Qualificatória,Sim,Não,0,0,1,Não fez contato,0,0,1,Não fez contato,0,Sim,Não,Não,Equipe perdeu,
17/03/2023 14:49:46,2,6404 | Brazilian Storm,Vermelho,Qualificatória,Sim,Sim,0,0,0,Não fez contato,2,0,1,Não fez contato,0,Não,Não,Não,Equipe perdeu,0
17/03/2023 14:56:18,9,9163 | HYDRA,Azul,Qualificatória,Não,Não,0,0,0,Não fez contato,0,0,0,Não fez contato,0,Não,Não,Não,,
17/03/2023 14:56:50,4,9166 | TecRobot,Azul,Qualificatória,Sim,Sim,0,0,0,Não fez contato,2,0,0,Não fez contato,1,Sim,Sim,Não,Equipe ganhou,0
17/03/2023 14:57:55,6,7033 | Roosters,Azul,Qualificatória,Sim,Sim,1,0,0,Não fez contato,2,0,0,DOCKED e ENGAGED (robô em contato com a charge station nivelada em conjunto com os outros robôs),0,Sim,Não,Não,Equipe perdeu,0
17/03/2023 14:58:33,2,7567 | SESI SENAI OCTOPUS,Vermelho,Qualificatória,Sim,Sim,0,0,1,Não fez contato,0,0,5,DOCKED e ENGAGED (robô em contato com a charge station nivelada em conjunto com os outros robôs),3,Não,Sim,Sim,Equipe ganhou,
17/03/2023 14:59:24,3,1860 | Alphabots,Vermelho,Qualificatória,Sim,Não,0,0,0,DOCKED e ENGAGED (robô em contato com a charge station nivelada em conjunto com os outros robôs),0,0,2,DOCKED e ENGAGED (robô em contato com a charge station nivelada em conjunto com os outros robôs),3,Não,Sim,Sim,Equipe ganhou,
17/03/2023 14:59:25,1,7459 | Taubatexas Robotics,Vermelho,Qualificatória,Não,Não,1,0,0,Não fez contato,0,0,0,Não fez contato,3,Sim,Sim,Sim,Equipe ganhou,0
17/03/2023 15:06:30,3,7565 | SESI SENAI ROBONATICOS,Vermelho,Qualificatória,Sim,Não,0,0,1,DOCKED e NÃO ENGAGED (robô em contato com a charge station),0,4,0,DOCKED e ENGAGED (robô em contato com a charge station nivelada em conjunto com os outros robôs),2,Não,Sim,Não,Equipe ganhou,
17/03/2023 15:06:33,2,9178 | Cyber One,Vermelho,Qualificatória,Sim,Não,1,0,0,Não fez contato,1,1,0,Não fez contato,2,Não,Sim,Não,Equipe ganhou,2
17/03/2023 15:07:14,4,9049 | SESI SENAI STEAMPUNK MONKEY FRC,Azul,Qualificatória,Sim,Não,0,0,0,Não fez contato,0,0,0,Não fez contato,0,Sim,Não,Não,Equipe perdeu,10
17/03/2023 15:07:45,1,8066 | WOLF ARMY ROBOTICS,Vermelho,Qualificatória,Não,Não,0,0,0,Não fez contato,2,0,0,Não fez contato,2,Não,Sim,Não,Equipe ganhou,10
17/03/2023 15:08:06,9,349175 | BrainMachine-FRC,Azul,Qualificatória,Sim,Sim,0,1,0,Não fez contato,1,1,0,DOCKED e NÃO ENGAGED (robô em contato com a charge station),0,Não,Não,Não,Equipe perdeu,10
17/03/2023 15:13:51,3,1156 | Under Control,Vermelho,Qualificatória,Sim,Não,0,1,0,DOCKED e ENGAGED (robô em contato com a charge station nivelada em conjunto com os outros robôs),3,2,1,DOCKED e ENGAGED (robô em contato com a charge station nivelada em conjunto com os outros robôs),3,Não,Sim,Sim,Equipe ganhou,
17/03/2023 15:13:58,6,9048 | SESI/SENAI P0t1BOT (Potibot),Azul,Qualificatória,Sim,Sim,0,1,0,Não fez contato,1,1,0,Não fez contato,0,Sim,Não,Não,Equipe perdeu,5
17/03/2023 15:15:03,9,9045 | North Lions SESI/SENAI,Azul,Qualificatória,Sim,Sim,0,0,0,Não fez contato,0,0,0,DOCKED e NÃO ENGAGED (robô em contato com a charge station),0,Não,Não,Não,Equipe perdeu,5
17/03/2023 15:15:27,2,9047 | SESI SENAI SC TechMaker Robotics,Vermelho,Qualificatória,Sim,Sim,0,0,1,Não fez contato,1,3,1,Não fez contato,3,Sim,Sim,Sim,Equipe ganhou,5
17/03/2023 15:15:28,1,9168 | AGROBOT,Vermelho,Qualificatória,Não,Sim,0,0,0,Não fez contato,2,0,0,DOCKED e ENGAGED (robô em contato com a charge station nivelada em conjunto com os outros robôs),3,Não,Sim,Sim,Equipe ganhou,5
17/03/2023 15:17:37,4,9162 | ALL MIGHT,Azul,Qualificatória,Sim,Não,1,0,0,Não fez contato,0,1,0,DOCKED e ENGAGED (robô em contato com a charge station nivelada em conjunto com os outros robôs),0,Não,Não,Não,Equipe perdeu,5
17/03/2023 15:22:43,4,9218 | Alpha Technology,Azul,Qualificatória,Sim,Não,1,0,0,Não fez contato,3,0,0,Não fez contato,1,Sim,Não,Não,Equipe perdeu,
17/03/2023 15:22:45,9,8882 | Infinity BR,Azul,Qualificatória,Sim,Não,0,0,0,Não fez contato,0,0,0,DOCKED e NÃO ENGAGED (robô em contato com a charge station),0,Não,Não,Não,Equipe perdeu,0
17/03/2023 15:22:53,1,6902 | STRIKE,Vermelho,Prática,Não,Não,0,1,0,Não fez contato,0,1,0,Não fez contato,0,Sim,Sim,Sim,Equipe ganhou,27
17/03/2023 15:22:59,6,5800 | Magic Island Robotics,Azul,Qualificatória,Sim,Sim,0,0,1,Não fez contato,2,0,0,DOCKED e ENGAGED (robô em contato com a charge station nivelada em conjunto com os outros robôs),1,Sim,Não,,Equipe perdeu,0
17/03/2023 15:23:38,3,9169 | AGROTECH,Vermelho,Qualificatória,Sim,Não,1,0,0,DOCKED e ENGAGED (robô em contato com a charge station nivelada em conjunto com os outros robôs),0,0,3,DOCKED e ENGAGED (robô em contato com a charge station nivelada em conjunto com os outros robôs),0,Não,Sim,Sim,Equipe ganhou,27
17/03/2023 15:23:38,2,1772 | The Brazilian Trail Blazers,Azul,Qualificatória,Sim,Sim,0,1,0,Não fez contato,3,0,0,DOCKED e ENGAGED (robô em contato com a charge station nivelada em conjunto com os outros robôs),0,Não,Sim,Sim,Equipe ganhou,0
17/03/2023 15:33:34,8,8276 | ETECHNOLOGY#8276,Vermelho,Qualificatória,Sim,Sim,0,0,0,Não fez contato,1,0,0,Não fez contato,0,Sim,Não,Não,Equipe perdeu,
17/03/2023 15:34:01,4,9200 | SESI SENAI STARDUST,Azul,Qualificatória,Sim,Não,0,0,1,DOCKED e NÃO ENGAGED (robô em contato com a charge station),0,0,4,Não fez contato,2,Não,Sim,Sim,Equipe ganhou,0
17/03/2023 15:34:23,9,9219 | Nine Tails,Azul,Qualificatória,Sim,Não,0,0,0,Não fez contato,0,0,3,DOCKED e NÃO ENGAGED (robô em contato com a charge station),1,Não,Sim,Não,Equipe ganhou,0
17/03/2023 15:34:38,1,8276 | ETECHNOLOGY#8276,Vermelho,Qualificatória,Não,Sim,0,0,0,Não fez contato,0,0,0,Não fez contato,0,Sim,Não,Não,Equipe perdeu,0
17/03/2023 15:36:08,3,9046 | SESI SENAI BBTECH,Vermelho,Qualificatória,Sim,Não,1,0,0,Não fez contato,1,0,0,DOCKED e ENGAGED (robô em contato com a charge station nivelada em conjunto com os outros robôs),0,Não,Não,Não,Equipe perdeu,
17/03/2023 15:41:05,3,9110 | Atomiic,Vermelho,Qualificatória,Sim,Não,0,0,0,DOCKED e NÃO ENGAGED (robô em contato com a charge station),0,1,1,DOCKED e ENGAGED (robô em contato com a charge station nivelada em conjunto com os outros robôs),0,Não,Não,Não,Equipe perdeu,
17/03/2023 15:41:28,9,9196 | Steel Claw Robotics,Azul,Qualificatória,Sim,Não,0,0,0,Não fez contato,0,0,0,Não fez contato,1,Sim,Não,Sim,Equipe ganhou,0
17/03/2023 15:41:43,8,9087 | steamachines,Vermelho,Qualificatória,Sim,Sim,0,0,0,Não fez contato,3,0,0,Não fez contato,0,Sim,Não,Não,Equipe perdeu,
17/03/2023 15:41:50,4,1860 | Alphabots,Azul,Qualificatória,Sim,Não,0,0,0,DOCKED e NÃO ENGAGED (robô em contato com a charge station),0,0,2,DOCKED e ENGAGED (robô em contato com a charge station nivelada em conjunto com os outros robôs),1,Não,Não,Sim,Equipe ganhou,
17/03/2023 15:42:14,5,9196 | Steel Claw Robotics,Vermelho,Qualificatória,Sim,Sim,0,0,0,Não fez contato,1,0,0,Não fez contato,1,Sim,Não,Sim,Equipe ganhou,0
17/03/2023 15:53:12,9,9195 | Team ProdiXy,Azul,Qualificatória,Não,Não,0,0,0,Não fez contato,0,0,0,Não fez contato,0,Não,Sim,Não,Equipe ganhou,0
17/03/2023 15:53:25,5,9305 | Mont,Vermelho,Qualificatória,Temporariamente,Não,0,0,0,Não fez contato,1,0,2,Não fez contato,1,Não,Não,Não,Equipe perdeu,5
17/03/2023 15:53:33,8,9178 | Cyber One,Vermelho,Qualificatória,Sim,Sim,0,0,0,Não fez contato,1,1,0,Não fez contato,1,Não,Não,Não,Equipe perdeu,
17/03/2023 15:53:44,3,349175 | BrainMachine-FRC,Vermelho,Qualificatória,Sim,Sim,0,0,1,Não fez contato,0,1,1,Não fez contato,1,Não,Sim,Não,Equipe perdeu,5
17/03/2023 15:54:20,4,7459 | Taubatexas Robotics,Azul,Qualificatória,Sim,Não,0,0,0,Não fez contato,0,0,0,DOCKED e ENGAGED (robô em contato com a charge station nivelada em conjunto com os outros robôs),0,Não,Sim,Não,Equipe ganhou,
17/03/2023 16:01:43,9,9165 | Starbots FRC,Azul,Qualificatória,Sim,Não,0,0,0,Não fez contato,0,0,2,DOCKED e NÃO ENGAGED (robô em contato com a charge station),0,Não,Não,Não,Equipe ganhou,0
17/03/2023 16:01:55,3,9049 | SESI SENAI STEAMPUNK MONKEY FRC,Vermelho,Qualificatória,Temporariamente,Não,0,0,0,Não fez contato,2,0,0,DOCKED e ENGAGED (robô em contato com a charge station nivelada em conjunto com os outros robôs),0,Não,Não,Não,Equipe perdeu,
17/03/2023 16:01:56,2,9048 | SESI/SENAI P0t1BOT (Potibot),Azul,Qualificatória,Não,Não,0,0,0,Não fez contato,0,0,0,Não fez contato,0,Não,Não,Não,Equipe perdeu,2
17/03/2023 16:02:18,8,8066 | WOLF ARMY ROBOTICS,Vermelho,Qualificatória,Sim,Não,0,0,0,Não fez contato,1,1,0,DOCKED e ENGAGED (robô em contato com a charge station nivelada em conjunto com os outros robôs),0,Não,,Não,Equipe perdeu,15
17/03/2023 16:03:07,5,7567 | SESI SENAI OCTOPUS,Azul,Qualificatória,Sim,Não,0,0,1,DOCKED e NÃO ENGAGED (robô em contato com a charge station),0,0,3,DOCKED e NÃO ENGAGED (robô em contato com a charge station),0,Não,Não,Não,Equipe ganhou,15
17/03/2023 16:03:54,4,9162 | ALL MIGHT,Azul,Qualificatória,Sim,Sim,1,0,0,Não fez contato,0,1,0,Não fez contato,0,Sim,Não,Não,Equipe ganhou,0
17/03/2023 16:08:40,8,9047 | SESI SENAI SC TechMaker Robotics,Vermelho,Qualificatória,Sim,Não,0,0,0,Não fez contato,1,0,2,DOCKED e ENGAGED (robô em contato com a charge station nivelada em conjunto com os outros robôs),2,Não,Sim,Sim,Equipe ganhou,
17/03/2023 16:08:45,3,7563 | SESI SENAI MEGAZORD,Vermelho,Qualificatória,Sim,Não,0,0,1,DOCKED e ENGAGED (robô em contato com a charge station nivelada em conjunto com os outros robôs),0,0,3,DOCKED e ENGAGED (robô em contato com a charge station nivelada em conjunto com os outros robôs),2,Não,Sim,Sim,Equipe ganhou,
17/03/2023 16:09:20,5,9218 | Alpha Technology,Azul,Qualificatória,Sim,Não,0,1,0,Não fez contato,0,1,0,DOCKED e ENGAGED (robô em contato com a charge station nivelada em conjunto com os outros robôs),2,Não,Não,Sim,Equipe ganhou,0
17/03/2023 16:09:26,9,1772 | The Brazilian Trail Blazers,Azul,Qualificatória,Sim,Não,0,0,0,Não fez contato,0,2,0,DOCKED e ENGAGED (robô em contato com a charge station nivelada em conjunto com os outros robôs),2,Não,Não,Não,Equipe perdeu,0
17/03/2023 16:10:13,2,9047 | SESI SENAI SC TechMaker Robotics,Vermelho,Qualificatória,Sim,Sim,0,0,1,Não fez contato,0,4,2,DOCKED e ENGAGED (robô em contato com a charge station nivelada em conjunto com os outros robôs),2,Não,Sim,Sim,Equipe ganhou,00
17/03/2023 16:16:23,1,9302 | Northstar,Vermelho,Qualificatória,Não,Não,0,0,0,Não fez contato,2,1,0,Não fez contato,1,Sim,Não,Não,,
17/03/2023 16:17:13,4,7033 | Roosters,Azul,Qualificatória,Sim,Sim,1,0,0,Não fez contato,0,0,0,DOCKED e ENGAGED (robô em contato com a charge station nivelada em conjunto com os outros robôs),2,Não,Não,Sim,Equipe ganhou,0
17/03/2023 16:18:34,2,9085 | SESI SENAI MEGA HARPY,Vermelho,Qualificatória,Sim,Sim,0,1,0,Não fez contato,1,0,0,DOCKED e ENGAGED (robô em contato com a charge station nivelada em conjunto com os outros robôs),0,Não,Não,Não,Equipe perdeu,10
17/03/2023 16:19:06,8,9066 | Cavalo Vendado,Vermelho,Qualificatória,Sim,Sim,0,0,1,Não fez contato,0,0,1,DOCKED e ENGAGED (robô em contato com a charge station nivelada em conjunto com os outros robôs),1,Não,Não,Não,Equipe perdeu,
17/03/2023 16:24:26,4,6404 | Brazilian Storm,Azul,Qualificatória,Sim,Sim,0,0,0,Não fez contato,0,0,0,DOCKED e ENGAGED (robô em contato com a charge station nivelada em conjunto com os outros robôs),0,Não,Não,Não,Equipe perdeu,5
17/03/2023 16:24:43,3,9169 | AGROTECH,Vermelho,Qualificatória,Temporariamente,Não,0,0,0,Não fez contato,3,0,0,DOCKED e ENGAGED (robô em contato com a charge station nivelada em conjunto com os outros robôs),3,Não,Sim,Sim,Equipe ganhou,
17/03/2023 16:24:57,2,7565 | SESI SENAI ROBONATICOS,Vermelho,Qualificatória,Sim,Sim,0,0,1,Não fez contato,2,2,0,Não fez contato,3,Sim,Sim,Não,Equipe ganhou,0
17/03/2023 16:25:28,1,1156 | Under Control,Vermelho,Qualificatória,Sim,Não,1,0,0,DOCKED e ENGAGED (robô em contato com a charge station nivelada em conjunto com os outros robôs),0,3,0,DOCKED e ENGAGED (robô em contato com a charge station nivelada em conjunto com os outros robôs),3,Não,Sim,Sim,Equipe ganhou,0
17/03/2023 16:33:22,9,9199 | SESI SENAI SHARKS,Azul,Qualificatória,Sim,Sim,1,0,0,Não fez contato,1,1,1,DOCKED e ENGAGED (robô em contato com a charge station nivelada em conjunto com os outros robôs),1,Não,Não,Não,Equipe ganhou,0
17/03/2023 16:33:36,2,9166 | TecRobot,Vermelho,Qualificatória,Sim,Sim,0,0,0,Não fez contato,2,2,0,Não fez contato,0,Sim,Não,Não,Equipe perdeu,2
17/03/2023 16:34:19,4,349175 | BrainMachine-FRC,Azul,Qualificatória,Sim,Não,0,0,1,Não fez contato,0,0,2,DOCKED e ENGAGED (robô em contato com a charge station nivelada em conjunto com os outros robôs),1,Não,Sim,Não,Equipe ganhou,0
17/03/2023 16:34:31,1,9163 | HYDRA,Vermelho,Qualificatória,Não,Não,0,0,0,Não fez contato,0,0,0,Não fez contato,0,Não,Não,Não,Equipe perdeu,2
17/03/2023 16:35:03,8,8276 | ETECHNOLOGY#8276,Vermelho,Qualificatória,Sim,Não,0,0,0,Não fez contato,0,0,0,DOCKED e ENGAGED (robô em contato com a charge station nivelada em conjunto com os outros robôs),0,Não,Não,Não,Equipe perdeu,
17/03/2023 16:42:23,9,9046 | SESI SENAI BBTECH,Azul,Qualificatória,Sim,Não,0,0,0,Não fez contato,0,0,0,DOCKED e NÃO ENGAGED (robô em contato com a charge station),1,Não,Não,Não,Equipe perdeu,10
17/03/2023 16:42:30,1,9165 | Starbots FRC,Vermelho,Qualificatória,Não,Não,0,0,0,Não fez contato,0,1,4,Não fez contato,1,Sim,Sim,Não,Equipe ganhou,0
17/03/2023 16:42:35,2,9048 | SESI/SENAI P0t1BOT (Potibot),Vermelho,Qualificatória,Sim,Sim,0,1,0,Não fez contato,3,0,0,DOCKED e ENGAGED (robô em contato com a charge station nivelada em conjunto com os outros robôs),9,Não,Sim,Não,Equipe ganhou,0
17/03/2023 16:42:47,4,9219 | Nine Tails,Azul,Qualificatória,Sim,Sim,1,0,0,Não fez contato,1,0,2,Não fez contato,1,Sim,Não,Sim,Equipe perdeu,10
17/03/2023 16:43:09,3,9305 | Mont,Vermelho,Qualificatória,Sim,Não,1,0,0,Não fez contato,0,1,2,DOCKED e ENGAGED (robô em contato com a charge station nivelada em conjunto com os outros robôs),1,Não,Sim,Não,Equipe ganhou,
17/03/2023 16:48:53,2,9195 | Team ProdiXy,Vermelho,Qualificatória,Não,Não,0,0,0,Não fez contato,5,0,0,Não fez contato,0,Não,Não,Não,Equipe ganhou,0
17/03/2023 16:49:12,8,9218 | Alpha Technology,Vermelho,Qualificatória,Sim,Não,0,0,0,Não fez contato,2,0,0,Não fez contato,0,Não,Não,Sim,,
17/03/2023 16:49:36,3,9200 | SESI SENAI STARDUST,Vermelho,Qualificatória,Sim,Não,0,0,1,DOCKED e ENGAGED (robô em contato com a charge station nivelada em conjunto com os outros robôs),0,0,0,DOCKED e ENGAGED (robô em contato com a charge station nivelada em conjunto com os outros robôs),0,Não,Não,Sim,Equipe ganhou,0
17/03/2023 16:49:44,9,8066 | WOLF ARMY ROBOTICS,Azul,Qualificatória,Não,Não,0,0,0,Não fez contato,0,0,0,Não fez contato,0,Não,Não,Não,Equipe perdeu,10
17/03/2023 16:58:13,8,7563 | SESI SENAI MEGAZORD,Vermelho,Qualificatória,Sim,Não,0,0,1,DOCKED e ENGAGED (robô em contato com a charge station nivelada em conjunto com os outros robôs),0,0,4,DOCKED e ENGAGED (robô em contato com a charge station nivelada em conjunto com os outros robôs),2,Não,Sim,Sim,Equipe ganhou,
17/03/2023 16:58:16,3,9066 | Cavalo Vendado,Vermelho,Qualificatória,Sim,Não,0,0,1,Não fez contato,2,0,0,DOCKED e ENGAGED (robô em contato com a charge station nivelada em conjunto com os outros robôs),2,Não,Sim,Sim,Equipe ganhou,
17/03/2023 16:58:32,9,9178 | Cyber One,Azul,Qualificatória,Sim,Sim,0,0,0,Não fez contato,1,1,0,Não fez contato,1,Não,Não,Não,,5
17/03/2023 16:58:54,4,9045 | North Lions SESI/SENAI,Azul,Qualificatória,Sim,Não,1,0,0,Não fez contato,3,0,0,DOCKED e ENGAGED (robô em contato com a charge station nivelada em conjunto com os outros robôs),1,Não,Não,Não,Equipe perdeu,5
17/03/2023 16:59:00,1,5800 | Magic Island Robotics,Vermelho,Qualificatória,Não,Não,0,0,1,Não fez contato,0,0,0,Não fez contato,2,Sim,Sim,Sim,Equipe ganhou,0
17/03/2023 17:05:46,4,9169 | AGROTECH,Azul,Qualificatória,Sim,Não,1,0,0,DOCKED e NÃO ENGAGED (robô em contato com a charge station),0,1,1,DOCKED e ENGAGED (robô em contato com a charge station nivelada em conjunto com os outros robôs),0,Não,Sim,Não,Equipe perdeu,5
17/03/2023 17:05:59,9,9110 | Atomiic,Azul,Qualificatória,Sim,Sim,0,0,0,Não fez contato,0,3,1,DOCKED e NÃO ENGAGED (robô em contato com a charge station),0,Não,Sim,Sim,Equipe perdeu,5
17/03/2023 17:06:28,1,6902 | STRIKE,Vermelho,Qualificatória,Não,Não,1,0,0,Não fez contato,0,0,2,Não fez contato,2,Sim,Sim,Não,Equipe ganhou,0
17/03/2023 17:06:46,8,9085 | SESI SENAI MEGA HARPY,Vermelho,Qualificatória,Sim,Sim,0,1,0,Não fez contato,1,0,0,DOCKED e ENGAGED (robô em contato com a charge station nivelada em conjunto com os outros robôs),2,Sim,Sim,Não,Equipe ganhou,
17/03/2023 17:06:53,2,7567 | SESI SENAI OCTOPUS,Vermelho,Qualificatória,Sim,Não,0,0,1,DOCKED e NÃO ENGAGED (robô em contato com a charge station),0,1,4,Não fez contato,2,Sim,Sim,Não,Equipe ganhou,0
17/03/2023 17:07:03,5,9169 | AGROTECH,Azul,Qualificatória,Sim,Sim,0,0,1,DOCKED e ENGAGED (robô em contato com a charge station nivelada em conjunto com os outros robôs),0,1,1,DOCKED e ENGAGED (robô em contato com a charge station nivelada em conjunto com os outros robôs),0,Não,Sim,Sim,Equipe perdeu,5
17/03/2023 17:14:53,8,9302 | Northstar,Vermelho,Qualificatória,Sim,Não,0,0,0,Não fez contato,1,1,0,Não fez contato,2,Sim,Sim,Sim,Equipe perdeu,5
17/03/2023 17:15:15,5,1156 | Under Control,Azul,Qualificatória,Sim,Não,0,1,0,DOCKED e ENGAGED (robô em contato com a charge station nivelada em conjunto com os outros robôs),0,3,0,DOCKED e ENGAGED (robô em contato com a charge station nivelada em conjunto com os outros robôs),2,Não,Sim,Sim,Equipe ganhou,0
17/03/2023 17:15:26,2,9050 | Tucanus,Vermelho,Qualificatória,Sim,Não,0,0,0,Não fez contato,1,2,0,DOCKED e ENGAGED (robô em contato com a charge station nivelada em conjunto com os outros robôs),2,Não,Não,Sim,Equipe perdeu,3
17/03/2023 17:15:30,9,6404 | Brazilian Storm,Azul,Qualificatória,Temporariamente,Sim,0,0,0,Não fez contato,1,0,0,Não fez contato,2,Não,Sim,Sim,Equipe ganhou,5
17/03/2023 17:15:43,4,1772 | The Brazilian Trail Blazers,Azul,Qualificatória,Sim,Sim,0,1,0,Não fez contato,1,2,0,DOCKED e ENGAGED (robô em contato com a charge station nivelada em conjunto com os outros robôs),2,Não,Sim,Sim,Equipe ganhou,
17/03/2023 17:16:45,3,9164 | Tech Vikings,Vermelho,Qualificatória,Sim,Não,0,1,0,DOCKED e ENGAGED (robô em contato com a charge station nivelada em conjunto com os outros robôs),1,2,0,DOCKED e ENGAGED (robô em contato com a charge station nivelada em conjunto com os outros robôs),2,Não,Sim,Sim,Equipe perdeu,5
17/03/2023 17:22:57,4,9047 | SESI SENAI SC TechMaker Robotics,Azul,Qualificatória,Sim,Não,0,0,1,Não fez contato,1,0,2,DOCKED e ENGAGED (robô em contato com a charge station nivelada em conjunto com os outros robôs),1,Não,Não,Não,Equipe ganhou,5
17/03/2023 17:23:14,8,7033 | Roosters,Vermelho,Qualificatória,Sim,Sim,0,0,0,Não fez contato,2,0,0,Não fez contato,1,Sim,Não,Não,Empate,5
17/03/2023 17:23:14,9,9261 | Under Pressure,Azul,Qualificatória,Sim,Não,1,0,0,Não fez contato,0,0,0,DOCKED e ENGAGED (robô em contato com a charge station nivelada em conjunto com os outros robôs),1,Não,Não,Não,Equipe ganhou,5
17/03/2023 17:23:34,3,7565 | SESI SENAI ROBONATICOS,Vermelho,Qualificatória,Sim,Não,0,0,1,DOCKED e NÃO ENGAGED (robô em contato com a charge station),0,3,0,Não fez contato,2,Sim,Não,Não,Equipe perdeu,
17/03/2023 17:24:07,2,9196 | Steel Claw Robotics,Vermelho,Qualificatória,Sim,Não,0,0,0,Não fez contato,2,0,0,DOCKED e ENGAGED (robô em contato com a charge station nivelada em conjunto com os outros robôs),2,Não,Não,Não,Equipe perdeu,2
17/03/2023 17:24:41,5,9049 | SESI SENAI STEAMPUNK MONKEY FRC,Azul,Qualificatória,Sim,Não,0,0,1,DOCKED e NÃO ENGAGED (robô em contato com a charge station),0,0,3,DOCKED e ENGAGED (robô em contato com a charge station nivelada em conjunto com os outros robôs),1,Não,Não,Não,Equipe ganhou,5
17/03/2023 17:31:26,1,9195 | Team ProdiXy,Vermelho,Qualificatória,Não,Não,1,0,0,Não fez contato,0,0,0,Não fez contato,0,Sim,Não,Não,Equipe perdeu,0
17/03/2023 17:31:32,2,8882 | Infinity BR,Vermelho,Qualificatória,Sim,Não,0,0,0,Não fez contato,1,0,0,Não fez contato,0,Não,Não,Não,Equipe perdeu,2
17/03/2023 17:31:32,4,9305 | Mont,Azul,Qualificatória,Sim,Não,1,0,0,Não fez contato,2,0,0,DOCKED e ENGAGED (robô em contato com a charge station nivelada em conjunto com os outros robôs),0,Não,Não,Não,Equipe ganhou,0
17/03/2023 17:31:47,9,9046 | SESI SENAI BBTECH,Azul,Qualificatória,Sim,Não,1,0,0,Não fez contato,0,0,0,Não fez contato,0,Sim,Não,Não,Equipe ganhou,0
17/03/2023 19:13:15,7,7459 | Taubatexas Robotics,Azul,Qualificatória,Sim,Não,0,0,0,DOCKED e ENGAGED (robô em contato com a charge station nivelada em conjunto com os outros robôs),0,0,0,DOCKED e ENGAGED (robô em contato com a charge station nivelada em conjunto com os outros robôs),1,Sim,Não,Não,Equipe ganhou,0
17/03/2023 19:16:43,7,9049 | SESI SENAI STEAMPUNK MONKEY FRC,Azul,Qualificatória,Não,Não,0,0,0,Não fez contato,0,0,0,Não fez contato,1,Sim,Não,Não,Equipe ganhou,0
17/03/2023 19:25:15,7,9166 | TecRobot,Azul,Qualificatória,Sim,Não,0,0,0,Não fez contato,0,0,1,DOCKED e ENGAGED (robô em contato com a charge station nivelada em conjunto com os outros robôs),0,Sim,Não,Não,Equipe perdeu,0
17/03/2023 19:29:06,7,9164 | Tech Vikings,Azul,Qualificatória,Sim,Não,1,0,0,Não fez contato,0,2,0,DOCKED e ENGAGED (robô em contato com a charge station nivelada em conjunto com os outros robôs),1,Sim,Não,Não,Equipe ganhou,0
17/03/2023 20:41:49,6,5800 | Magic Island Robotics,Azul,Qualificatória,Sim,Sim,0,0,1,DOCKED e ENGAGED (robô em contato com a charge station nivelada em conjunto com os outros robôs),3,0,0,Não fez contato,2,Sim,Sim,Sim,Equipe ganhou,5
17/03/2023 20:43:08,6,6404 | Brazilian Storm,Azul,Qualificatória,Sim,Não,0,0,0,Não fez contato,0,0,0,Não fez contato,1,Não,Não,Não,Equipe perdeu,5
17/03/2023 20:45:59,6,8882 | Infinity BR,Azul,Qualificatória,Sim,Não,0,0,0,Não fez contato,0,0,0,Não fez contato,1,Sim,Não,Não,Equipe perdeu,10
17/03/2023 20:46:02,7,9200 | SESI SENAI STARDUST,Azul,Qualificatória,Sim,Não,0,0,1,DOCKED e ENGAGED (robô em contato com a charge station nivelada em conjunto com os outros robôs),0,1,2,DOCKED e ENGAGED (robô em contato com a charge station nivelada em conjunto com os outros robôs),1,Sim,Não,Sim,Equipe ganhou,0
17/03/2023 20:47:22,6,9047 | SESI SENAI SC TechMaker Robotics,Azul,Qualificatória,Sim,Sim,0,0,0,Não fez contato,0,0,0,DOCKED e ENGAGED (robô em contato com a charge station nivelada em conjunto com os outros robôs),2,Sim,Sim,Sim,Equipe ganhou,0
17/03/2023 20:54:47,7,8276 | ETECHNOLOGY#8276,Azul,Qualificatória,Sim,Não,0,0,0,Não fez contato,3,0,0,Não fez contato,2,Sim,Não,Não,Equipe ganhou,0
17/03/2023 21:05:11,7,9178 | Cyber One,Azul,Qualificatória,Sim,Sim,0,0,0,Não fez contato,1,1,0,DOCKED e ENGAGED (robô em contato com a charge station nivelada em conjunto com os outros robôs),3,Sim,Sim,Sim,Equipe ganhou,
17/03/2023 21:17:27,7,9049 | SESI SENAI STEAMPUNK MONKEY FRC,Azul,Qualificatória,Sim,Não,0,0,0,DOCKED e NÃO ENGAGED (robô em contato com a charge station),3,0,0,DOCKED e NÃO ENGAGED (robô em contato com a charge station),2,Sim,Não,Não,Equipe perdeu,0
17/03/2023 21:19:35,7,9261 | Under Pressure,Azul,Qualificatória,Sim,Não,0,0,0,DOCKED e ENGAGED (robô em contato com a charge station nivelada em conjunto com os outros robôs),1,0,0,DOCKED e ENGAGED (robô em contato com a charge station nivelada em conjunto com os outros robôs),1,Sim,Não,Não,Equipe ganhou,0
17/03/2023 21:23:53,7,9085 | SESI SENAI MEGA HARPY,Azul,Qualificatória,Sim,Sim,1,0,0,Não fez contato,0,2,0,DOCKED e ENGAGED (robô em contato com a charge station nivelada em conjunto com os outros robôs),0,Sim,Não,Não,Equipe ganhou,0
17/03/2023 21:28:18,7,9166 | TecRobot,Azul,Qualificatória,Temporariamente,Não,0,0,0,Não fez contato,0,0,0,Não fez contato,2,Sim,Sim,Não,Equipe ganhou,0
17/03/2023 21:34:44,7,6902 | STRIKE,Azul,Qualificatória,Não,Não,1,0,0,Não fez contato,0,3,0,DOCKED e ENGAGED (robô em contato com a charge station nivelada em conjunto com os outros robôs),2,Sim,Não,Sim,Equipe ganhou,0
18/03/2023 08:40:26,1,9163 | HYDRA,Vermelho,Qualificatória,Não,Sim,0,0,0,Não fez contato,0,0,0,Não fez contato,1,Não,Sim,Sim,Equipe ganhou,5
18/03/2023 08:41:03,2,1860 | Alphabots,Vermelho,Qualificatória,Sim,Não,0,0,0,DOCKED e ENGAGED (robô em contato com a charge station nivelada em conjunto com os outros robôs),0,0,4,DOCKED e ENGAGED (robô em contato com a charge station nivelada em conjunto com os outros robôs),0,Não,,Não,Equipe ganhou,1
18/03/2023 08:41:55,4,9178 | Cyber One,Azul,Qualificatória,Sim,Sim,1,0,0,Não fez contato,0,3,0,DOCKED e ENGAGED (robô em contato com a charge station nivelada em conjunto com os outros robôs),0,Não,Não,Não,Equipe perdeu,0
18/03/2023 08:48:52,8,9219 | Nine Tails,Vermelho,Qualificatória,Sim,Sim,0,0,0,Não fez contato,2,0,3,DOCKED e ENGAGED (robô em contato com a charge station nivelada em conjunto com os outros robôs),2,Não,Sim,Não,Equipe ganhou,
18/03/2023 08:49:15,1,9045 | North Lions SESI/SENAI,Vermelho,Qualificatória,Não,Sim,0,0,0,Não fez contato,0,2,0,DOCKED e ENGAGED (robô em contato com a charge station nivelada em conjunto com os outros robôs),2,Não,Sim,Não,Equipe ganhou,0
18/03/2023 08:49:48,9,9218 | Alpha Technology,Azul,Qualificatória,Sim,Sim,0,0,0,Não fez contato,1,0,0,DOCKED e ENGAGED (robô em contato com a charge station nivelada em conjunto com os outros robôs),0,Não,Não,Não,Equipe perdeu,10
18/03/2023 08:51:07,4,9162 | ALL MIGHT,Azul,Qualificatória,Sim,Sim,1,0,0,Não fez contato,1,0,0,Não fez contato,0,Não,Não,Não,Equipe perdeu,0
18/03/2023 08:51:29,2,7567 | SESI SENAI OCTOPUS,Vermelho,Qualificatória,Sim,Não,0,0,1,Não fez contato,0,0,3,Não fez contato,0,Sim,Sim,Não,Equipe ganhou,
18/03/2023 09:00:43,8,8066 | WOLF ARMY ROBOTICS,Vermelho,Qualificatória,Sim,Não,0,0,0,Não fez contato,0,0,0,Não fez contato,0,Não,Sim,Não,Equipe perdeu,5
18/03/2023 09:00:45,9,1156 | Under Control,Azul,Qualificatória,Sim,Não,0,1,0,DOCKED e ENGAGED (robô em contato com a charge station nivelada em conjunto com os outros robôs),2,2,1,DOCKED e ENGAGED (robô em contato com a charge station nivelada em conjunto com os outros robôs),1,Não,Sim,Não,Equipe ganhou,10
18/03/2023 09:00:45,1,1772 | The Brazilian Trail Blazers,Vermelho,Qualificatória,Não,Sim,0,1,0,Não fez contato,3,2,0,Não fez contato,1,Não,Sim,Não,Equipe perdeu,5
18/03/2023 09:00:46,4,9085 | SESI SENAI MEGA HARPY,Azul,Qualificatória,Sim,Não,0,0,0,Não fez contato,0,1,0,DOCKED e ENGAGED (robô em contato com a charge station nivelada em conjunto com os outros robôs),1,Não,Sim,Não,Equipe ganhou,10
18/03/2023 09:01:23,2,5800 | Magic Island Robotics,Vermelho,Qualificatória,Sim,Não,0,0,1,Não fez contato,0,9,1,DOCKED e ENGAGED (robô em contato com a charge station nivelada em conjunto com os outros robôs),1,Não,Sim,Não,Equipe perdeu,2
18/03/2023 09:02:19,7,9110 | Atomiic,Azul,Qualificatória,Sim,Sim,0,0,0,Não fez contato,0,1,1,DOCKED e ENGAGED (robô em contato com a charge station nivelada em conjunto com os outros robôs),1,Sim,Sim,,Equipe ganhou,0
18/03/2023 09:07:27,8,349175 | BrainMachine-FRC,Vermelho,Qualificatória,Sim,Não,0,0,0,Não fez contato,0,0,1,Não fez contato,0,Sim,Não,Sim,Equipe ganhou,
18/03/2023 09:07:33,7,6404 | Brazilian Storm,Azul,Qualificatória,Sim,Sim,0,0,0,Não fez contato,1,0,0,DOCKED e ENGAGED (robô em contato com a charge station nivelada em conjunto com os outros robôs),0,Sim,Não,Não,Equipe perdeu,15
18/03/2023 09:07:59,1,349175 | BrainMachine-FRC,Vermelho,Qualificatória,Não,Não,0,0,0,Não fez contato,1,0,1,Não fez contato,0,Sim,Não,Sim,Equipe ganhou,10
18/03/2023 09:08:01,9,9047 | SESI SENAI SC TechMaker Robotics,Azul,Qualificatória,Sim,Não,0,0,1,DOCKED e NÃO ENGAGED (robô em contato com a charge station),0,0,2,DOCKED e ENGAGED (robô em contato com a charge station nivelada em conjunto com os outros robôs),0,Não,Não,Não,Equipe perdeu,15
18/03/2023 09:08:24,4,9302 | Northstar,Azul,Qualificatória,Sim,Não,0,0,0,Não fez contato,1,0,0,Não fez contato,0,Sim,Não,Não,Equipe perdeu,15
18/03/2023 09:08:29,2,9168 | AGROBOT,Vermelho,Qualificatória,Sim,Não,0,0,0,DOCKED e ENGAGED (robô em contato com a charge station nivelada em conjunto com os outros robôs),9,5,2,DOCKED e ENGAGED (robô em contato com a charge station nivelada em conjunto com os outros robôs),0,Não,Não,Não,Equipe ganhou,0
18/03/2023 09:15:30,8,9050 | Tucanus,Vermelho,Qualificatória,Sim,Não,0,0,0,Não fez contato,1,0,2,DOCKED e ENGAGED (robô em contato com a charge station nivelada em conjunto com os outros robôs),1,Não,Não,Não,Equipe perdeu,5
18/03/2023 09:15:54,2,9196 | Steel Claw Robotics,Vermelho,Qualificatória,Sim,Não,0,0,0,Não fez contato,1,0,0,Não fez contato,0,Não,Não,Não,,3
18/03/2023 09:15:55,1,9166 | TecRobot,Vermelho,Qualificatória,Não,Sim,1,0,0,Não fez contato,1,1,0,Não fez contato,1,Sim,Não,Não,Equipe perdeu,5
18/03/2023 09:16:11,4,7565 | SESI SENAI ROBONATICOS,Azul,Qualificatória,Sim,Não,0,0,1,DOCKED e NÃO ENGAGED (robô em contato com a charge station),0,4,0,DOCKED e ENGAGED (robô em contato com a charge station nivelada em conjunto com os outros robôs),2,Não,Sim,Sim,Equipe ganhou,5
18/03/2023 09:16:30,7,7459 | Taubatexas Robotics,Azul,Qualificatória,Sim,Sim,0,0,0,Não fez contato,0,0,0,DOCKED e ENGAGED (robô em contato com a charge station nivelada em conjunto com os outros robôs),2,Sim,Sim,Sim,Equipe ganhou,5
18/03/2023 09:17:09,9,6902 | STRIKE,Azul,Qualificatória,Sim,Sim,1,0,0,Não fez contato,0,2,0,Não fez contato,2,Sim,Sim,Sim,Equipe ganhou,5
18/03/2023 09:24:04,1,7033 | Roosters,Vermelho,Qualificatória,Não,Sim,1,0,0,Não fez contato,1,0,0,Não fez contato,1,Não,Sim,Sim,Equipe ganhou,10
18/03/2023 09:24:34,8,9049 | SESI SENAI STEAMPUNK MONKEY FRC,Vermelho,Qualificatória,Sim,Não,1,0,0,Não fez contato,2,0,0,Não fez contato,1,Sim,Não,Sim,Equipe ganhou,10
18/03/2023 09:25:10,7,9164 | Tech Vikings,Azul,Qualificatória,Sim,Sim,0,1,0,Não fez contato,0,4,0,DOCKED e ENGAGED (robô em contato com a charge station nivelada em conjunto com os outros robôs),2,Não,Não,Não,Equipe perdeu,15
18/03/2023 09:25:16,4,9169 | AGROTECH,Azul,Qualificatória,Sim,Não,1,0,0,Não fez contato,0,3,1,DOCKED e ENGAGED (robô em contato com a charge station nivelada em conjunto com os outros robôs),2,Não,,Não,Equipe perdeu,15
18/03/2023 09:25:28,9,9048 | SESI/SENAI P0t1BOT (Potibot),Azul,Qualificatória,Sim,Sim,0,1,0,Não fez contato,1,1,0,Não fez contato,2,Não,Sim,Não,Equipe perdeu,15
18/03/2023 09:25:36,2,7563 | SESI SENAI MEGAZORD,Vermelho,Qualificatória,Sim,Não,0,0,1,DOCKED e ENGAGED (robô em contato com a charge station nivelada em conjunto com os outros robôs),1,0,3,DOCKED e ENGAGED (robô em contato com a charge station nivelada em conjunto com os outros robôs),1,Não,Sim,Sim,Equipe ganhou,10
18/03/2023 09:33:06,8,9046 | SESI SENAI BBTECH,Vermelho,Qualificatória,Sim,Não,1,0,0,Não fez contato,0,0,0,DOCKED e ENGAGED (robô em contato com a charge station nivelada em conjunto com os outros robôs),0,Não,Não,Não,Equipe ganhou,10
18/03/2023 09:33:15,1,9218 | Alpha Technology,Vermelho,Qualificatória,Não,Sim,1,0,0,Não fez contato,2,0,0,DOCKED e ENGAGED (robô em contato com a charge station nivelada em conjunto com os outros robôs),1,Não,Não,Sim,Equipe ganhou,0
18/03/2023 09:33:24,2,7567 | SESI SENAI OCTOPUS,Vermelho,Qualificatória,Sim,Não,0,0,1,DOCKED e NÃO ENGAGED (robô em contato com a charge station),1,0,2,Não fez contato,1,Sim,Sim,Não,Equipe ganhou,10
18/03/2023 09:33:29,9,9178 | Cyber One,Azul,Qualificatória,Sim,Sim,1,0,0,Não fez contato,0,1,0,DOCKED e NÃO ENGAGED (robô em contato com a charge station),0,Não,Não,Não,Equipe perdeu,0
18/03/2023 09:34:09,4,9165 | Starbots FRC,Azul,Qualificatória,Sim,Sim,1,0,0,Não fez contato,0,0,2,DOCKED e ENGAGED (robô em contato com a charge station nivelada em conjunto com os outros robôs),0,Não,Não,Não,Equipe perdeu,0
18/03/2023 09:42:18,1,1772 | The Brazilian Trail Blazers,Vermelho,Qualificatória,Não,Sim,0,1,0,Não fez contato,0,3,0,DOCKED e ENGAGED (robô em contato com a charge station nivelada em conjunto com os outros robôs),1,Não,Não,Não,Equipe perdeu,3
18/03/2023 09:42:28,2,9066 | Cavalo Vendado,Vermelho,Qualificatória,Não,Não,0,0,0,Não fez contato,3,0,0,Não fez contato,0,Não,Não,Não,Equipe perdeu,3
18/03/2023 09:42:52,4,8276 | ETECHNOLOGY#8276,Azul,Qualificatória,Sim,Sim,0,0,0,Não fez contato,0,0,0,DOCKED e ENGAGED (robô em contato com a charge station nivelada em conjunto com os outros robôs),0,Não,Não,Sim,Equipe ganhou,0
18/03/2023 09:44:32,8,9199 | SESI SENAI SHARKS,Vermelho,Qualificatória,Sim,Não,0,1,0,DOCKED e ENGAGED (robô em contato com a charge station nivelada em conjunto com os outros robôs),1,0,0,Não fez contato,0,Não,Não,Não,Equipe perdeu,
18/03/2023 09:45:15,9,1156 | Under Control,Azul,Qualificatória,Não,Não,0,1,0,DOCKED e ENGAGED (robô em contato com a charge station nivelada em conjunto com os outros robôs),0,1,0,Não fez contato,1,Não,Não,Não,Equipe ganhou,0
18/03/2023 09:49:53,9,6404 | Brazilian Storm,Azul,Qualificatória,Sim,Sim,0,0,0,Não fez contato,2,1,1,Não fez contato,1,Não,Sim,Não,Equipe perdeu,10
18/03/2023 09:50:42,8,9047 | SESI SENAI SC TechMaker Robotics,Vermelho,Qualificatória,Sim,Sim,0,0,1,Não fez contato,1,0,2,Não fez contato,0,Não,Não,Sim,Equipe ganhou,
18/03/2023 09:50:47,2,1860 | Alphabots,Vermelho,Qualificatória,Sim,Não,0,0,0,DOCKED e NÃO ENGAGED (robô em contato com a charge station),0,0,0,DOCKED e ENGAGED (robô em contato com a charge station nivelada em conjunto com os outros robôs),6,Não,Não,Sim,Equipe ganhou,0
18/03/2023 09:50:50,1,9305 | Mont,Vermelho,Qualificatória,Não,Não,1,0,0,Não fez contato,0,1,3,DOCKED e ENGAGED (robô em contato com a charge station nivelada em conjunto com os outros robôs),1,Não,Não,Sim,Equipe ganhou,0
18/03/2023 09:50:51,4,9085 | SESI SENAI MEGA HARPY,Azul,Qualificatória,Sim,Sim,0,1,0,Não fez contato,2,1,0,Não fez contato,2,Sim,Sim,Não,Equipe perdeu,10
18/03/2023 09:50:57,7,9261 | Under Pressure,Azul,Qualificatória,Sim,Não,1,0,0,Não fez contato,0,0,0,Não fez contato,2,Sim,Sim,Não,Equipe perdeu,10
18/03/2023 09:59:16,9,9166 | TecRobot,Azul,Qualificatória,Sim,Não,1,0,0,Não fez contato,1,1,1,Não fez contato,0,Sim,Não,Não,Equipe ganhou,0
18/03/2023 09:59:15,1,9196 | Steel Claw Robotics,Vermelho,Qualificatória,Não,Não,0,0,0,Não fez contato,1,0,0,Não fez contato,1,Não,Não,Não,Equipe perdeu,25
18/03/2023 09:59:32,4,8066 | WOLF ARMY ROBOTICS,Azul,Qualificatória,Sim,Sim,1,0,0,Não fez contato,0,0,0,DOCKED e ENGAGED (robô em contato com a charge station nivelada em conjunto com os outros robôs),0,Não,Não,Não,Equipe ganhou,9
18/03/2023 10:00:07,8,9302 | Northstar,Vermelho,Qualificatória,Sim,Não,0,0,0,Não fez contato,1,0,0,DOCKED e ENGAGED (robô em contato com a charge station nivelada em conjunto com os outros robôs),1,Não,Não,Sim,Equipe perdeu,
18/03/2023 10:00:12,2,9110 | Atomiic,Vermelho,Qualificatória,Sim,Não,0,0,0,DOCKED e NÃO ENGAGED (robô em contato com a charge station),0,2,1,DOCKED e ENGAGED (robô em contato com a charge station nivelada em conjunto com os outros robôs),1,Não,Não,Sim,Equipe perdeu,
18/03/2023 10:07:54,4,7565 | SESI SENAI ROBONATICOS,Azul,Qualificatória,Sim,Sim,0,0,1,Não fez contato,1,2,0,DOCKED e NÃO ENGAGED (robô em contato com a charge station),2,Não,Sim,Não,Equipe perdeu,10
18/03/2023 10:09:33,1,9200 | SESI SENAI STARDUST,Vermelho,Qualificatória,Sim,Não,0,0,1,DOCKED e ENGAGED (robô em contato com a charge station nivelada em conjunto com os outros robôs),0,0,2,DOCKED e ENGAGED (robô em contato com a charge station nivelada em conjunto com os outros robôs),1,Não,Sim,Sim,Equipe ganhou,0
18/03/2023 10:08:34,5,7563 | SESI SENAI MEGAZORD,Vermelho,Qualificatória,Sim,Não,0,0,0,Não fez contato,1,0,1,DOCKED e ENGAGED (robô em contato com a charge station nivelada em conjunto com os outros robôs),1,Não,Sim,Sim,Equipe ganhou,0
18/03/2023 10:16:18,1,7033 | Roosters,Vermelho,Qualificatória,Não,Sim,1,0,0,Não fez contato,0,1,0,Não fez contato,1,Não,Não,Sim,Equipe perdeu,10
18/03/2023 10:17:07,8,7459 | Taubatexas Robotics,Vermelho,Qualificatória,Sim,Não,1,0,0,Não fez contato,0,0,0,Não fez contato,1,Sim,Sim,Sim,Equipe ganhou,
18/03/2023 10:17:30,4,9163 | HYDRA,Azul,Qualificatória,Não,Sim,0,0,0,Não fez contato,0,0,0,Não fez contato,1,Não,Sim,Não,Equipe ganhou,5
18/03/2023 10:17:38,5,8882 | Infinity BR,Vermelho,Qualificatória,Sim,Sim,0,0,0,Não fez contato,0,0,0,DOCKED e ENGAGED (robô em contato com a charge station nivelada em conjunto com os outros robôs),0,Não,Não,Sim,Equipe perdeu,10
18/03/2023 10:17:39,2,9169 | AGROTECH,Vermelho,Qualificatória,Sim,Não,1,0,0,DOCKED e ENGAGED (robô em contato com a charge station nivelada em conjunto com os outros robôs),1,2,0,DOCKED e ENGAGED (robô em contato com a charge station nivelada em conjunto com os outros robôs),0,Não,Não,Sim,Equipe perdeu,10
18/03/2023 10:26:53,4,9050 | Tucanus,Azul,Qualificatória,Sim,Sim,1,0,0,Não fez contato,0,2,0,Não fez contato,1,Não,Sim,Não,Equipe perdeu,5
18/03/2023 10:26:55,2,9164 | Tech Vikings,Vermelho,Qualificatória,Sim,Não,0,1,0,DOCKED e ENGAGED (robô em contato com a charge station nivelada em conjunto com os outros robôs),0,4,0,Não fez contato,2,Sim,Sim,Sim,Equipe ganhou,10
18/03/2023 10:27:00,8,9045 | North Lions SESI/SENAI,Vermelho,Qualificatória,Sim,Não,1,0,0,Não fez contato,2,0,0,Não fez contato,2,Não,Sim,Sim,Equipe ganhou,10
18/03/2023 10:27:02,1,9045 | North Lions SESI/SENAI,Vermelho,Qualificatória,Não,Sim,1,0,0,Não fez contato,2,0,0,DOCKED e ENGAGED (robô em contato com a charge station nivelada em conjunto com os outros robôs),2,Não,Sim,Sim,Equipe ganhou,10
18/03/2023 10:34:29,2,7567 | SESI SENAI OCTOPUS,Vermelho,Qualificatória,Sim,Não,0,0,1,DOCKED e ENGAGED (robô em contato com a charge station nivelada em conjunto com os outros robôs),0,1,4,Não fez contato,2,Não,Sim,Sim,Equipe ganhou,5
18/03/2023 10:34:59,8,6404 | Brazilian Storm,Vermelho,Qualificatória,Sim,Sim,0,0,0,Não fez contato,0,1,1,Não fez contato,2,Não,Sim,Não,Equipe ganhou,5
18/03/2023 10:47:31,4,9087 | steamachines,Azul,Qualificatória,Sim,Sim,1,0,0,Não fez contato,0,0,0,DOCKED e ENGAGED (robô em contato com a charge station nivelada em conjunto com os outros robôs),1,Não,Sim,Não,Equipe ganhou,29
18/03/2023 10:54:33,9,9048 | SESI/SENAI P0t1BOT (Potibot),Azul,Qualificatória,Sim,Sim,0,1,0,Não fez contato,1,0,0,DOCKED e ENGAGED (robô em contato com a charge station nivelada em conjunto com os outros robôs),1,Não,Não,,Equipe ganhou,0
18/03/2023 10:55:12,5,9047 | SESI SENAI SC TechMaker Robotics,Azul,Qualificatória,Sim,Não,0,0,1,DOCKED e NÃO ENGAGED (robô em contato com a charge station),0,0,2,DOCKED e ENGAGED (robô em contato com a charge station nivelada em conjunto com os outros robôs),1,Não,Não,Não,Equipe ganhou,0
18/03/2023 11:03:06,9,9200 | SESI SENAI STARDUST,Azul,Qualificatória,Sim,Não,0,0,1,DOCKED e ENGAGED (robô em contato com a charge station nivelada em conjunto com os outros robôs),0,0,2,DOCKED e ENGAGED (robô em contato com a charge station nivelada em conjunto com os outros robôs),2,Não,Sim,Sim,Equipe ganhou,5
18/03/2023 11:03:49,4,9261 | Under Pressure,Azul,Qualificatória,Sim,Sim,1,0,0,Não fez contato,2,2,0,DOCKED e ENGAGED (robô em contato com a charge station nivelada em conjunto com os outros robôs),2,Não,Sim,Sim,Equipe ganhou,20
18/03/2023 11:11:24,9,8882 | Infinity BR,Azul,Qualificatória,Temporariamente,Não,0,0,0,Não fez contato,1,0,0,Não fez contato,0,Sim,Sim,Não,Equipe perdeu,0
18/03/2023 11:11:37,4,9045 | North Lions SESI/SENAI,Azul,Qualificatória,Sim,Sim,1,0,0,Não fez contato,1,2,0,DOCKED e ENGAGED (robô em contato com a charge station nivelada em conjunto com os outros robôs),1,Não,Sim,Não,Equipe perdeu,0
18/03/2023 11:23:18,9,9219 | Nine Tails,Azul,Qualificatória,Temporariamente,Sim,1,0,0,Não fez contato,0,0,1,Não fez contato,0,Não,Não,Não,Equipe ganhou,2
18/03/2023 11:23:25,4,9165 | Starbots FRC,Azul,Qualificatória,Sim,Não,0,0,0,Não fez contato,0,0,2,Não fez contato,1,Sim,Sim,Não,Equipe ganhou,0
18/03/2023 11:30:48,4,9168 | AGROBOT,Azul,Qualificatória,Sim,Não,0,0,0,DOCKED e NÃO ENGAGED (robô em contato com a charge station),0,0,2,DOCKED e ENGAGED (robô em contato com a charge station nivelada em conjunto com os outros robôs),1,Não,Sim,Sim,Equipe perdeu,10